pokedex_number,generation,name,classification,type,height_m,weight_kg,attack,defense,hit_points,sp_attack,sp_defense,speed,is_legendary,latitude,longitude
1,1,Bulbasaur,Seed Pokémon,grass,0.7,6.9,49,49,45,65,65,45,0,36.17671415301123,139.55173569882882
2,1,Ivysaur,Seed Pokémon,grass,1.0,13.0,62,63,60,80,80,60,0,36.327688538100695,141.213029856408
3,1,Venusaur,Seed Pokémon,grass,2.0,100.0,100,123,80,122,120,80,0,35.445846625276666,139.4558630430508
4,1,Charmander,Lizard Pokémon,fire,0.6,8.5,52,43,39,60,50,65,0,37.25921281550739,140.4574347291529
5,1,Charmeleon,Flame Pokémon,fire,1.1,19.0,64,58,58,80,65,80,0,35.21052561406505,140.23256004358595
6,1,Charizard,Flame Pokémon,fire,1.7,90.5,104,78,78,159,115,100,0,35.21658230718754,139.22427024642974
7,1,Squirtle,Tiny Turtle Pokémon,water,0.5,9.0,48,65,44,50,64,43,0,35.92196227156603,137.7767197553422
8,1,Wartortle,Turtle Pokémon,water,1.0,22.5,63,80,59,65,80,58,0,33.955082167486964,139.12771247075904
9,1,Blastoise,Shellfish Pokémon,water,1.6,85.5,103,120,79,135,115,78,0,34.667168879665574,140.00424733259527
10,1,Caterpie,Worm Pokémon,bug,0.3,2.9,30,35,45,20,20,45,0,34.77197592447879,138.2776962986647
11,1,Metapod,Cocoon Pokémon,bug,0.7,9.9,20,55,50,25,25,30,0,37.14564876892155,139.46422369951347
12,1,Butterfree,Butterfly Pokémon,bug,1.1,32.0,45,50,60,90,80,70,0,35.747528204687924,138.26525181378653
13,1,Weedle,Hairy Pokémon,bug,0.3,3.2,35,30,40,20,20,50,0,35.135617275474814,139.80092258970987
14,1,Kakuna,Cocoon Pokémon,bug,0.6,10.0,25,50,45,25,25,35,0,34.529006422577694,140.06569801834567
15,1,Beedrill,Poison Bee Pokémon,bug,1.0,29.5,150,40,65,15,80,145,0,35.0793613100812,139.39830625020673
16,1,Pidgey,Tiny Bird Pokémon,normal,0.3,1.8,45,40,40,35,35,56,0,35.0782933877706,141.54227818450894
17,1,Pidgeotto,Bird Pokémon,normal,1.1,30.0,60,55,63,50,50,71,0,35.66650277526207,138.63228907104408
18,1,Pidgeot,Bird Pokémon,normal,1.5,39.5,80,80,83,135,80,121,0,36.50254491210319,138.46915635002898
19,1,Rattata,Mouse Pokémon,normal,,,56,35,30,25,35,72,0,35.88886359500476,137.7303298761202
20,1,Raticate,Mouse Pokémon,normal,,,71,70,75,40,80,77,0,34.35181395110157,139.88686123586913
21,1,Spearow,Tiny Bird Pokémon,normal,0.3,2.0,60,30,40,31,31,70,0,36.41846657999541,139.86136828118998
22,1,Fearow,Beak Pokémon,normal,1.2,38.0,90,65,65,61,61,100,0,35.56435171761176,139.3888963044107
23,1,Ekans,Snake Pokémon,poison,2.0,6.9,60,44,35,40,54,55,0,34.201478009632574,138.9701557916053
24,1,Arbok,Cobra Pokémon,poison,3.5,65.0,95,69,60,65,79,80,0,35.21936122904021,140.74712222621892
25,1,Pikachu,Mouse Pokémon,electric,0.4,6.0,55,40,35,50,50,90,0,36.02361828956846,137.92695984463725
26,1,Raichu,Mouse Pokémon,electric,,,85,50,60,95,85,110,0,36.00408396939479,139.30491771958367
27,1,Sandshrew,Mouse Pokémon,ground,,,75,90,50,10,35,40,0,35.00307799969404,140.30167628884087
28,1,Sandslash,Mouse Pokémon,ground,,,100,120,75,25,65,65,0,36.71099952249595,140.6212801191162
29,1,Nidoran♀,Poison Pin Pokémon,poison,0.4,7.0,47,52,55,40,40,41,0,34.84078247677736,139.38078762414878
30,1,Nidorina,Poison Pin Pokémon,poison,0.8,20.0,62,67,70,55,55,56,0,36.01126343140356,140.66554512712236
31,1,Nidoqueen,Drill Pokémon,poison,1.3,60.0,92,87,90,75,85,76,0,35.20082576215471,139.50434102333617
32,1,Nidoran♂,Poison Pin Pokémon,poison,0.5,9.0,57,40,46,40,40,50,0,34.573665025993975,138.49379337591932
33,1,Nidorino,Poison Pin Pokémon,poison,0.9,19.5,72,57,61,55,55,65,0,36.4925258223942,141.04624002857082
34,1,Nidoking,Drill Pokémon,poison,1.4,62.0,102,77,81,85,75,85,0,35.607989878419666,140.69353289789203
35,1,Clefairy,Fairy Pokémon,fairy,0.6,7.5,45,48,70,60,65,35,0,36.04163602504764,139.04488024539486
36,1,Clefable,Fairy Pokémon,fairy,1.3,40.0,70,73,95,95,90,60,0,36.04139560550841,141.22803656646596
37,1,Vulpix,Fox Pokémon,fire,,,41,40,38,50,65,65,0,35.64417396089005,141.254643655814
38,1,Ninetales,Fox Pokémon,fire,,,67,75,73,81,100,109,0,33.060254895910255,140.51190250437523
39,1,Jigglypuff,Balloon Pokémon,normal,0.5,5.5,45,20,115,45,25,20,0,35.76704706823817,139.39099264953413
40,1,Wigglytuff,Balloon Pokémon,normal,1.0,12.0,70,45,140,85,50,45,0,35.7717607765355,137.7024310853991
41,1,Zubat,Bat Pokémon,poison,0.8,7.5,45,35,40,30,40,55,0,35.460328112162486,140.04711257151175
42,1,Golbat,Bat Pokémon,poison,1.6,55.0,80,70,75,65,75,90,0,37.15789404474152,139.17172978172636
43,1,Oddish,Weed Pokémon,grass,0.5,5.4,50,55,45,75,65,30,0,34.87150639710681,139.18824295641545
44,1,Gloom,Weed Pokémon,grass,0.8,8.6,65,70,60,85,75,40,0,36.59540211770207,140.0187511096597
45,1,Vileplume,Flower Pokémon,grass,1.2,18.6,80,85,75,110,90,50,0,35.15023979623296,140.20326743311335
46,1,Paras,Mushroom Pokémon,bug,0.3,5.4,70,55,35,45,55,25,0,35.77707754934804,140.65864499053288
47,1,Parasect,Mushroom Pokémon,bug,1.0,29.5,95,80,60,60,80,30,0,34.97794690612265,139.36233785340224
48,1,Venonat,Insect Pokémon,bug,1.0,30.0,55,50,60,40,55,45,0,35.28789184686784,138.22648505186788
49,1,Venomoth,Poison Moth Pokémon,bug,1.5,12.5,65,60,70,90,75,90,0,35.976120277064574,139.9510552721799
50,1,Diglett,Mole Pokémon,ground,,,55,30,10,35,45,90,0,35.68511345664246,139.45541286662484
51,1,Dugtrio,Mole Pokémon,ground,,,100,60,35,50,70,110,0,34.264629257949586,139.26935467723465
52,1,Meowth,Scratch Cat Pokémon,normal,,,35,35,40,50,40,90,0,35.33728548347323,138.8877227307784
53,1,Persian,Classy Cat Pokémon,normal,,,60,60,65,75,65,115,0,35.51871428833399,140.09405085681453
54,1,Psyduck,Duck Pokémon,water,0.8,19.6,52,48,50,65,50,55,0,37.56618590121053,139.86457781283184
55,1,Golduck,Duck Pokémon,water,1.7,76.6,82,78,80,95,80,85,0,35.93755039072276,139.61555408423382
56,1,Mankey,Pig Monkey Pokémon,fighting,0.5,28.0,80,35,40,35,45,70,0,33.76122878470096,139.6634861245508
57,1,Primeape,Pig Monkey Pokémon,fighting,1.0,32.0,105,60,65,60,70,95,0,35.740230209941025,142.1532421124853
58,1,Growlithe,Puppy Pokémon,fire,0.7,19.0,70,45,55,70,50,60,0,35.487639035218876,139.9915473423336
59,1,Arcanine,Legendary Pokémon,fire,1.9,155.0,110,80,90,100,80,95,0,35.64528823029475,138.52132196238045
60,1,Poliwag,Tadpole Pokémon,water,0.6,12.4,50,40,40,40,40,90,0,36.82282281451502,140.44193303268676
61,1,Poliwhirl,Tadpole Pokémon,water,1.0,20.0,65,65,65,50,50,90,0,36.471031947043045,138.78061254520526
62,1,Poliwrath,Tadpole Pokémon,water,1.3,54.0,95,95,90,70,90,70,0,37.0827943109361,138.28814893720772
63,1,Abra,Psi Pokémon,psychic,0.9,19.5,20,15,25,105,55,90,0,36.26685709380027,141.88045562581
64,1,Kadabra,Psi Pokémon,psychic,1.3,56.5,35,30,40,120,70,105,0,34.68946367486931,139.12370227039722
65,1,Alakazam,Psi Pokémon,psychic,1.5,48.0,50,65,55,175,105,150,0,35.77965136508764,139.1865243458838
66,1,Machop,Superpower Pokémon,fighting,0.8,19.5,80,50,70,35,35,35,0,34.129336568933866,139.758562974806
67,1,Machoke,Superpower Pokémon,fighting,1.5,70.5,100,70,80,50,60,45,0,34.6176962862739,140.1635924306352
68,1,Machamp,Superpower Pokémon,fighting,1.6,130.0,130,80,90,65,85,55,0,34.7605757657662,141.23993440501755
69,1,Bellsprout,Flower Pokémon,grass,0.7,4.0,75,35,50,70,30,40,0,34.896746707663766,139.36793848379432
70,1,Weepinbell,Flycatcher Pokémon,grass,1.0,6.4,90,50,65,85,45,55,0,36.49351721736967,138.45913568356605
71,1,Victreebel,Flycatcher Pokémon,grass,1.7,15.5,105,65,80,100,70,70,0,35.90745993460413,140.99714275428244
72,1,Tentacool,Jellyfish Pokémon,water,0.9,45.5,40,35,40,50,100,70,0,34.07251676543877,139.8746338585323
73,1,Tentacruel,Jellyfish Pokémon,water,1.6,55.0,70,65,80,80,120,100,0,35.939882794248426,140.4718228717773
74,1,Geodude,Rock Pokémon,rock,,,80,100,40,30,30,20,0,34.443049289121916,138.36954338691572
75,1,Graveler,Rock Pokémon,rock,,,95,115,55,45,45,35,0,36.2019415656169,139.9869846732332
76,1,Golem,Megaton Pokémon,rock,,,120,130,80,55,65,45,0,35.93049285034588,140.03644820949697
77,1,Ponyta,Fire Horse Pokémon,fire,1.0,30.0,85,55,50,65,65,90,0,34.99997527842151,139.922253697161
78,1,Rapidash,Fire Horse Pokémon,fire,1.7,95.0,100,70,65,80,80,105,0,35.97307247329868,138.97564858197364
79,1,Slowpoke,Dopey Pokémon,water,1.2,36.0,65,65,90,40,40,15,0,37.54577451114476,140.16383292091177
80,1,Slowbro,Hermit Crab Pokémon,water,1.6,78.5,75,180,95,130,80,30,0,34.48869650279735,140.34655360863383
81,1,Magnemite,Magnet Pokémon,electric,0.3,6.0,35,70,25,95,55,45,0,34.70531832977268,140.47708460374244
82,1,Magneton,Magnet Pokémon,electric,1.0,60.0,60,95,50,120,70,70,0,36.838595579007404,138.86931768164828
83,1,Farfetch'd,Wild Duck Pokémon,normal,0.8,15.0,90,55,52,58,62,60,0,36.643376129244324,140.1027809269365
84,1,Doduo,Twin Bird Pokémon,normal,1.4,39.2,85,45,35,35,35,75,0,36.50206015999449,141.58679298265395
85,1,Dodrio,Triple Bird Pokémon,normal,1.8,85.2,110,70,60,60,60,110,0,35.43461188399713,138.9362638356425
86,1,Seel,Sea Lion Pokémon,water,1.1,90.0,45,55,65,45,70,45,0,34.79048557037448,138.87418971503456
87,1,Dewgong,Sea Lion Pokémon,water,1.7,120.0,70,80,90,70,95,70,0,35.6028982905859,140.03115197481665
88,1,Grimer,Sludge Pokémon,poison,,,80,50,80,40,50,25,0,35.95669079933002,140.517183249036
89,1,Muk,Sludge Pokémon,poison,,,105,75,105,65,100,50,0,35.693001891877906,141.1435340771573
90,1,Shellder,Bivalve Pokémon,water,0.3,4.0,65,100,30,45,25,40,0,35.41534316676204,142.4101691665896
91,1,Cloyster,Bivalve Pokémon,water,1.5,132.5,95,180,50,85,45,70,0,36.30566734776501,138.83284244358373
92,1,Gastly,Gas Pokémon,ghost,1.3,0.1,35,30,30,100,35,80,0,34.60910750193889,140.1724724152432
93,1,Haunter,Gas Pokémon,ghost,1.6,0.1,50,45,45,115,55,95,0,35.45653721467415,140.4040004940921
94,1,Gengar,Shadow Pokémon,ghost,1.5,40.5,65,80,60,170,95,130,0,36.15323762457354,139.61717108734314
95,1,Onix,Rock Snake Pokémon,rock,8.8,210.0,45,160,35,30,45,70,0,34.833206281931595,138.17515277531413
96,1,Drowzee,Hypnosis Pokémon,psychic,1.0,32.4,48,45,60,43,90,42,0,35.23348504793298,140.54639879432347
97,1,Hypno,Hypnosis Pokémon,psychic,1.6,75.6,73,70,85,73,115,67,0,35.8940937441302,138.444261221288
98,1,Krabby,River Crab Pokémon,water,0.4,6.5,105,90,30,25,25,50,0,35.853180925851184,140.07531737972883
99,1,Kingler,Pincer Pokémon,water,1.3,60.0,130,115,55,50,50,75,0,34.79614256379887,139.84372510594554
100,1,Voltorb,Ball Pokémon,electric,0.5,10.4,30,50,40,55,55,100,0,35.738208718445996,138.54702970216937
101,1,Electrode,Ball Pokémon,electric,1.2,66.6,50,70,60,80,80,150,0,36.03778736034828,140.25078452636822
102,1,Exeggcute,Egg Pokémon,grass,0.4,2.5,40,80,60,60,45,40,0,36.763051243175276,140.7438020520349
103,1,Exeggutor,Coconut Pokémon,grass,,,105,85,95,125,75,45,0,34.30233063204291,138.7521749600849
104,1,Cubone,Lonely Pokémon,ground,0.4,6.5,50,95,50,40,50,35,0,36.19503526720866,140.20378595091222
105,1,Marowak,Bone Keeper Pokémon,ground,,,80,110,60,50,80,45,0,36.19504768630605,143.54273149065472
106,1,Hitmonlee,Kicking Pokémon,fighting,1.5,49.8,120,53,50,35,110,87,0,36.25089051069317,140.8255656401806
107,1,Hitmonchan,Punching Pokémon,fighting,1.4,50.2,105,79,50,35,110,76,0,36.6340017634932,140.3413912513058
108,1,Lickitung,Licking Pokémon,normal,1.2,65.5,55,75,90,60,75,30,0,35.36473075535965,140.44896922049327
109,1,Koffing,Poison Gas Pokémon,poison,0.6,1.0,65,95,40,60,45,35,0,34.90717478546243,139.45318139326
110,1,Weezing,Poison Gas Pokémon,poison,1.2,9.5,90,120,65,85,70,60,0,35.1946364521709,139.7718741393863
111,1,Rhyhorn,Spikes Pokémon,ground,1.0,115.0,85,95,80,30,30,25,0,37.99465856667351,137.82273480740824
112,1,Rhydon,Drill Pokémon,ground,1.9,120.0,130,120,105,45,45,40,0,36.36626019037451,138.07728412881033
113,1,Chansey,Egg Pokémon,normal,1.1,34.6,5,5,250,35,105,50,0,35.20806813421056,140.77895059696738
114,1,Tangela,Vine Pokémon,grass,1.0,35.0,55,115,65,100,40,60,0,35.74428001909546,138.6122552220707
115,1,Kangaskhan,Parent Pokémon,normal,2.2,80.0,125,100,105,60,100,100,0,34.96469629074003,140.36959774893467
116,1,Horsea,Dragon Pokémon,water,0.4,8.0,40,70,30,70,25,60,0,34.94963336828286,139.90645858958197
117,1,Seadra,Dragon Pokémon,water,1.2,25.0,65,95,55,95,45,85,0,35.725571839903814,139.0383996523942
118,1,Goldeen,Goldfish Pokémon,water,0.6,15.0,67,60,45,35,50,63,0,37.82394408932532,140.32391902231802
119,1,Seaking,Goldfish Pokémon,water,1.3,39.0,92,65,80,65,80,68,0,33.65485741334239,139.87645431476943
120,1,Staryu,Starshape Pokémon,water,0.8,34.5,45,55,30,70,55,85,0,35.01821353523161,140.54243333479621
121,1,Starmie,Mysterious Pokémon,water,1.1,80.0,75,85,60,100,85,115,0,34.8874792615673,139.5752635585331
122,1,Mr. Mime,Barrier Pokémon,psychic,1.3,54.5,45,65,40,100,120,90,0,36.18498727898046,140.55575519417013
123,1,Scyther,Mantis Pokémon,bug,1.5,56.0,110,80,70,55,80,105,0,34.479703592944226,139.35549876415905
124,1,Jynx,Humanshape Pokémon,ice,1.4,40.6,50,35,65,115,95,95,0,35.20505468883904,139.03667076742627
125,1,Electabuzz,Electric Pokémon,electric,1.1,30.0,83,57,65,95,85,105,0,37.445454240281094,140.09498171096095
126,1,Magmar,Spitfire Pokémon,fire,1.3,44.5,95,57,65,100,85,93,0,34.41911604566496,140.60786194705477
127,1,Pinsir,Stagbeetle Pokémon,bug,1.5,55.0,155,120,65,65,90,105,0,37.802156197012636,140.72246526055113
128,1,Tauros,Wild Bull Pokémon,normal,1.4,88.4,100,95,75,40,70,110,0,34.16063003404599,139.20576592713374
129,1,Magikarp,Fish Pokémon,water,0.9,10.0,10,55,20,15,20,80,0,36.946911149186626,138.98233053438122
130,1,Gyarados,Atrocious Pokémon,water,6.5,235.0,155,109,95,70,130,81,0,36.12381942814623,140.46463405342934
131,1,Lapras,Transport Pokémon,water,2.5,220.0,85,80,130,85,95,60,0,34.75306952842192,139.6304746439382
132,1,Ditto,Transform Pokémon,normal,0.3,4.0,48,48,48,48,48,48,0,32.43873265993093,138.6656123586657
133,1,Eevee,Evolution Pokémon,normal,0.3,6.5,55,50,55,45,65,55,0,35.42743184860684,138.44221681803515
134,1,Vaporeon,Bubble Jet Pokémon,water,1.0,29.0,65,60,130,110,95,65,0,37.31241130393163,138.25985862203936
135,1,Jolteon,Lightning Pokémon,electric,0.8,24.5,65,60,65,110,95,130,0,35.239955513303016,139.8207405772861
136,1,Flareon,Flame Pokémon,fire,0.9,25.0,130,60,65,95,110,65,0,37.12127328906612,138.25413784882056
137,1,Porygon,Virtual Pokémon,normal,0.8,36.5,60,70,65,85,75,40,0,36.84316375215496,139.7002330610196
138,1,Omanyte,Spiral Pokémon,rock,0.4,7.5,40,100,35,90,55,35,0,34.69849134895205,140.15210347426327
139,1,Omastar,Spiral Pokémon,rock,1.0,35.0,60,125,70,115,70,55,0,35.87905969557347,139.0897831228412
140,1,Kabuto,Shellfish Pokémon,rock,0.5,11.5,80,90,30,55,45,55,0,35.749802084990016,139.30468640313825
141,1,Kabutops,Shellfish Pokémon,rock,1.3,40.5,115,105,60,65,70,80,0,35.793517345251246,140.35213067452105
142,1,Aerodactyl,Fossil Pokémon,rock,1.8,59.0,135,85,80,70,95,150,0,37.26601681614535,138.45218450117315
143,1,Snorlax,Sleeping Pokémon,normal,2.1,460.0,110,65,160,65,110,30,0,37.813033374656264,137.7379122004775
144,1,Articuno,Freeze Pokémon,ice,1.7,55.4,85,100,90,95,125,85,1,35.528214904964415,140.2783172064846
145,1,Zapdos,Electric Pokémon,electric,1.6,52.6,90,85,90,125,90,100,1,35.96099186773503,139.0673004801794
146,1,Moltres,Flame Pokémon,fire,2.0,60.0,100,90,90,125,85,90,1,35.47187774964272,139.19699906534117
147,1,Dratini,Dragon Pokémon,dragon,1.8,3.3,64,45,41,50,50,50,0,35.090635243055786,140.53960209702103
148,1,Dragonair,Dragon Pokémon,dragon,4.0,16.5,84,65,61,70,70,70,0,36.03701548596505,138.99709040473934
149,1,Dragonite,Dragon Pokémon,dragon,2.2,210.0,134,95,91,100,100,80,0,36.57959987543325,139.9972995208766
150,1,Mewtwo,Genetic Pokémon,psychic,2.0,122.0,150,70,106,194,120,140,1,36.49286211883896,140.31962884192362
151,1,Mew,New Species Pokémon,psychic,0.4,4.0,100,100,100,100,100,100,1,34.85100498907793,139.12981895980303
152,2,Chikorita,Leaf Pokémon,grass,0.9,6.4,49,65,45,49,65,45,0,38.30729360512326,127.58037026543346
153,2,Bayleef,Leaf Pokémon,grass,1.2,15.8,62,80,60,63,80,60,0,37.539098406035855,127.08732738330878
154,2,Meganium,Herb Pokémon,grass,1.8,100.5,82,100,80,83,100,80,0,38.83766489578843,126.37842861116417
155,2,Cyndaquil,Fire Mouse Pokémon,fire,0.5,7.9,52,43,39,60,50,65,0,38.10709738117004,126.7678073475661
156,2,Quilava,Volcano Pokémon,fire,0.9,19.0,64,58,58,80,65,80,0,37.34231879677278,128.0687768519872
157,2,Typhlosion,Volcano Pokémon,fire,1.7,79.5,84,78,78,109,85,100,0,38.38541634898803,127.78350963600063
158,2,Totodile,Big Jaw Pokémon,water,0.6,9.5,65,64,50,44,48,43,0,38.86547880715433,126.99100384163276
159,2,Croconaw,Big Jaw Pokémon,water,1.1,25.0,80,80,65,59,63,58,0,38.241952971294964,126.65973324340655
160,2,Feraligatr,Big Jaw Pokémon,water,2.3,88.8,105,100,85,79,83,78,0,37.88416635248844,126.83985694563232
161,2,Sentret,Scout Pokémon,normal,0.8,6.0,46,34,35,35,45,20,0,37.65699596499272,127.56515702543692
162,2,Furret,Long Body Pokémon,normal,1.8,32.5,76,64,85,45,55,90,0,36.74177931676653,129.06238727568547
163,2,Hoothoot,Owl Pokémon,normal,0.7,21.2,30,30,60,36,56,50,0,36.5539826185003,125.75581138721226
164,2,Noctowl,Owl Pokémon,normal,1.6,40.8,50,50,100,86,96,70,0,38.71811087350007,127.76166269396293
165,2,Ledyba,Five Star Pokémon,bug,1.0,10.8,20,30,40,40,80,55,0,38.18411981705216,127.59834550926428
166,2,Ledian,Five Star Pokémon,bug,1.4,35.6,35,50,55,55,110,85,0,37.54775322715309,126.07274562851417
167,2,Spinarak,String Spit Pokémon,bug,0.5,8.5,60,40,40,40,40,30,0,37.635804558193726,126.29283828848789
168,2,Ariados,Long Leg Pokémon,bug,1.1,33.5,90,70,70,60,70,40,0,38.53511973341775,126.82294261849786
169,2,Crobat,Bat Pokémon,poison,1.8,75.0,90,80,85,70,80,130,0,36.73450280320749,126.648614158347
170,2,Chinchou,Angler Pokémon,water,0.5,12.0,38,38,75,56,56,67,0,37.972931454275624,126.40627544719602
171,2,Lanturn,Light Pokémon,water,1.2,22.5,58,58,125,76,76,67,0,36.73777960443357,127.21368721149192
172,2,Pichu,Tiny Mouse Pokémon,electric,0.3,2.0,40,15,20,35,35,60,0,37.80496657110872,126.46305682462886
173,2,Cleffa,Star Shape Pokémon,fairy,0.3,3.0,25,28,50,45,55,15,0,37.08896169438168,127.20204993735763
174,2,Igglybuff,Balloon Pokémon,normal,0.3,1.0,30,15,90,40,20,15,0,36.11191565850268,125.56253622562345
175,2,Togepi,Spike Ball Pokémon,fairy,0.3,1.5,20,65,35,40,65,20,0,36.84155577874757,126.75655284828815
176,2,Togetic,Happiness Pokémon,fairy,0.6,3.2,40,85,55,80,105,40,0,37.87090756559801,128.44535621694956
177,2,Natu,Little Bird Pokémon,psychic,0.2,2.0,50,45,40,70,45,70,0,38.41765962320202,126.81006147003657
178,2,Xatu,Mystic Pokémon,psychic,1.5,15.0,75,70,65,95,70,95,0,37.540983792097315,125.96747063536219
179,2,Mareep,Wool Pokémon,electric,0.6,7.8,40,40,55,65,45,35,0,37.54148686400761,126.68134136107986
180,2,Flaaffy,Wool Pokémon,electric,0.8,13.3,55,55,70,80,60,45,0,37.88271856033809,126.14276905644768
181,2,Ampharos,Light Pokémon,electric,1.4,61.5,95,105,90,165,110,45,0,38.07934651424117,128.5027389130026
182,2,Bellossom,Flower Pokémon,grass,0.4,5.8,80,95,75,90,100,50,0,37.45123985154314,127.37171172209894
183,2,Marill,Aquamouse Pokémon,water,0.4,8.5,20,50,70,20,50,40,0,38.25014399171111,126.56877952811416
184,2,Azumarill,Aquarabbit Pokémon,water,0.8,28.5,50,80,100,60,80,50,0,37.78409248181042,126.9825924007818
185,2,Sudowoodo,Imitation Pokémon,rock,1.2,38.0,100,115,70,30,65,30,0,37.65767609854883,126.19699021614453
186,2,Politoed,Frog Pokémon,water,1.1,33.9,75,75,90,90,100,70,0,37.584510174258945,127.46799829124545
187,2,Hoppip,Cottonweed Pokémon,grass,0.4,0.5,35,40,35,35,55,50,0,39.01114360779504,127.9292708260852
188,2,Skiploom,Cottonweed Pokémon,grass,0.6,1.0,45,50,55,45,65,80,0,39.71318245751156,126.20265243711195
189,2,Jumpluff,Cottonweed Pokémon,grass,0.8,3.0,55,70,75,55,95,110,0,38.43232063672068,127.15334200573835
190,2,Aipom,Long Tail Pokémon,normal,0.8,11.5,70,55,55,40,55,85,0,39.74980293321767,126.16170171464485
191,2,Sunkern,Seed Pokémon,grass,0.3,1.8,30,30,30,30,30,30,0,36.72027815781922,126.37060735455597
192,2,Sunflora,Sun Pokémon,grass,0.8,8.5,75,55,75,105,85,30,0,35.4361042756902,126.44424497831923
193,2,Yanma,Clear Wing Pokémon,bug,1.2,38.0,65,45,65,75,45,95,0,36.8008673384463,127.1203937864762
194,2,Wooper,Water Fish Pokémon,water,0.4,8.5,45,45,55,25,25,15,0,37.901755975777164,128.8461708392159
195,2,Quagsire,Water Fish Pokémon,water,1.4,75.0,85,85,95,65,65,35,0,38.51042383818605,126.3930963443376
196,2,Espeon,Sun Pokémon,psychic,0.9,26.5,65,60,65,130,95,110,0,36.66158532865165,127.46191917150651
197,2,Umbreon,Moonlight Pokémon,dark,1.0,27.0,65,110,95,60,130,65,0,36.23976679297936,128.80145876585436
198,2,Murkrow,Darkness Pokémon,dark,0.5,2.1,85,42,60,85,42,91,0,38.73944012072129,126.50082434789529
199,2,Slowking,Royal Pokémon,water,2.0,79.5,75,80,95,100,110,30,0,35.84686547090912,128.3238723741654
200,2,Misdreavus,Screech Pokémon,ghost,0.7,1.0,60,60,60,85,85,85,0,37.44546015474739,128.20781631197346
201,2,Unown,Symbol Pokémon,psychic,0.5,5.0,72,48,48,72,48,48,0,35.965572341205636,126.37062497704622
202,2,Wobbuffet,Patient Pokémon,psychic,1.3,28.5,33,58,190,33,58,33,0,37.56524369971819,127.01698059376474
203,2,Girafarig,Long Neck Pokémon,normal,1.5,41.5,80,65,70,90,65,85,0,37.10993452852076,127.59284993234749
204,2,Pineco,Bagworm Pokémon,bug,0.6,7.2,65,90,50,35,35,15,0,36.49237957061741,126.8276205149787
205,2,Forretress,Bagworm Pokémon,bug,1.2,125.8,90,140,75,60,60,40,0,37.6802956317119,127.48443883405875
206,2,Dunsparce,Land Snake Pokémon,normal,1.5,14.0,70,70,100,65,65,45,0,38.27161487808889,125.84535790816213
207,2,Gligar,Flyscorpion Pokémon,ground,1.1,64.8,75,105,65,35,65,85,0,36.02588582926438,128.2476768218985
208,2,Steelix,Iron Snake Pokémon,steel,9.2,400.0,125,230,75,55,95,30,0,37.89231401197959,126.22151346344344
209,2,Snubbull,Fairy Pokémon,fairy,0.6,7.8,80,50,60,40,40,30,0,39.111151975522525,127.08567463429286
210,2,Granbull,Fairy Pokémon,fairy,1.4,48.7,120,75,90,60,60,45,0,38.73929718406383,127.0375184814101
211,2,Qwilfish,Balloon Pokémon,water,0.5,3.9,95,85,65,55,55,85,0,39.62074792488199,128.72534084244322
212,2,Scizor,Pincer Pokémon,bug,1.8,118.0,150,140,70,65,100,75,0,37.31103585152093,127.94157095095436
213,2,Shuckle,Mold Pokémon,bug,0.6,20.5,10,230,20,10,230,5,0,38.20537594958515,128.33863155753235
214,2,Heracross,Singlehorn Pokémon,bug,1.5,54.0,185,115,80,40,105,75,0,36.5950765394199,127.65605145999844
215,2,Sneasel,Sharp Claw Pokémon,dark,0.9,28.0,95,55,55,35,75,115,0,38.61842448684959,125.21126051357689
216,2,Teddiursa,Little Bear Pokémon,normal,0.6,8.8,80,50,60,50,50,40,0,36.37674148733423,124.9307678222399
217,2,Ursaring,Hibernator Pokémon,normal,1.8,125.8,130,75,90,75,75,55,0,37.29059316555544,127.68754225579596
218,2,Slugma,Lava Pokémon,fire,0.7,35.0,40,40,40,70,40,20,0,39.06235705209603,127.04409478041977
219,2,Magcargo,Lava Pokémon,fire,0.8,55.0,50,120,60,90,80,30,0,39.188615545571295,125.5898985417851
220,2,Swinub,Pig Pokémon,ice,0.4,6.5,50,40,50,30,30,50,0,35.85661756064485,126.91445230110338
221,2,Piloswine,Swine Pokémon,ice,1.1,55.8,100,80,100,60,60,50,0,37.94406544893931,126.93730525190591
222,2,Corsola,Coral Pokémon,water,0.6,5.0,55,95,65,65,95,35,0,35.492557899960126,126.8808799604872
223,2,Remoraid,Jet Pokémon,water,0.6,12.0,65,35,35,65,35,65,0,36.25553049949515,127.63967254883003
224,2,Octillery,Jet Pokémon,water,0.9,28.5,105,75,75,105,75,45,0,37.92659824609685,126.03012021367265
225,2,Delibird,Delivery Pokémon,ice,0.9,16.0,55,45,45,65,45,75,0,37.04613308266331,125.91078647811105
226,2,Mantine,Kite Pokémon,water,2.1,220.0,40,70,85,80,140,70,0,37.497320902726834,127.92514232050124
227,2,Skarmory,Armor Bird Pokémon,steel,1.7,50.5,80,140,65,40,70,70,0,36.57427395366446,127.47404651551784
228,2,Houndour,Dark Pokémon,dark,0.6,10.8,60,30,45,80,50,65,0,37.029742381627564,126.17712716773765
229,2,Houndoom,Dark Pokémon,dark,1.4,35.0,90,90,75,140,90,115,0,37.452969640045445,125.93475767758062
230,2,Kingdra,Dragon Pokémon,water,1.8,152.0,95,95,75,95,95,85,0,37.006350694652824,125.77212210741115
231,2,Phanpy,Long Nose Pokémon,ground,0.5,33.5,60,60,90,40,40,40,0,39.524725132916394,127.00526355197172
232,2,Donphan,Armor Pokémon,ground,1.1,120.0,120,120,90,60,60,50,0,36.86027449200742,127.18397991073422
233,2,Porygon2,Virtual Pokémon,normal,0.6,32.5,80,90,85,105,95,60,0,37.44767195030917,126.74903040046678
234,2,Stantler,Big Horn Pokémon,normal,1.4,71.2,95,62,73,85,65,85,0,38.17416670004343,127.7275077100473
235,2,Smeargle,Painter Pokémon,normal,1.2,58.0,20,35,55,20,45,75,0,37.02949885238947,126.39418175935532
236,2,Tyrogue,Scuffle Pokémon,fighting,0.7,21.0,35,35,35,35,35,35,0,37.284948302848356,124.66807883526441
237,2,Hitmontop,Handstand Pokémon,fighting,1.4,48.0,95,95,50,35,110,70,0,36.04480893780145,128.33687426744453
238,2,Smoochum,Kiss Pokémon,ice,0.4,6.0,30,15,45,85,65,65,0,39.20496771350128,126.72096396044363
239,2,Elekid,Electric Pokémon,electric,0.6,23.5,63,37,45,65,55,95,0,38.13655696305577,127.28125015454353
240,2,Magby,Live Coal Pokémon,fire,0.7,21.4,75,37,45,70,55,83,0,40.63888080845524,128.08957491143457
241,2,Miltank,Milk Cow Pokémon,normal,1.2,75.5,80,105,95,40,70,100,0,37.432082408519236,126.01445955939957
242,2,Blissey,Happiness Pokémon,normal,1.5,46.8,10,10,255,75,135,55,0,35.95355367974243,127.17346363586722
243,2,Raikou,Thunder Pokémon,electric,1.9,178.0,85,75,90,115,100,115,1,36.8036492547157,125.54774629040233
244,2,Entei,Volcano Pokémon,fire,2.1,198.0,115,85,115,90,75,100,1,36.91342711575748,125.8884519963856
245,2,Suicune,Aurora Pokémon,water,2.0,187.0,75,115,100,90,115,85,1,39.247141635072566,127.85163975694945
246,2,Larvitar,Rock Skin Pokémon,rock,0.6,72.0,64,50,50,45,50,41,0,37.55202735868338,128.44994413889003
247,2,Pupitar,Hard Shell Pokémon,rock,1.2,152.0,84,70,70,65,70,51,0,37.63736830764762,126.10871579867174
248,2,Tyranitar,Armor Pokémon,rock,2.0,202.0,164,150,100,95,120,71,0,39.08312407726966,127.50891004368465
249,2,Lugia,Diving Pokémon,psychic,5.2,216.0,90,130,106,90,154,110,1,36.52275384567355,126.7796613219164
250,2,Ho-Oh,Rainbow Pokémon,fire,3.8,199.0,130,90,106,110,154,90,1,36.684381746615244,125.58720026903566
251,2,Celebi,Time Travel Pokémon,psychic,0.6,5.0,100,100,100,100,100,100,1,38.486177547531646,128.87941664047014
252,3,Treecko,Wood Gecko Pokémon,grass,0.5,5.0,45,35,40,65,55,70,0,-28.86856757381914,153.5829692366906
253,3,Grovyle,Wood Gecko Pokémon,grass,0.9,21.6,65,45,50,85,65,95,0,-28.120642569121827,152.53287461623532
254,3,Sceptile,Forest Pokémon,grass,1.7,52.2,110,75,70,145,85,145,0,-28.06239392423887,152.1560092303202
255,3,Torchic,Chick Pokémon,fire,0.4,2.5,60,40,45,70,50,45,0,-27.421478372055173,152.18904988358898
256,3,Combusken,Young Fowl Pokémon,fire,0.9,19.5,85,60,60,85,60,55,0,-27.19954317422016,152.96976189055087
257,3,Blaziken,Blaze Pokémon,fire,1.9,52.0,160,80,80,130,80,100,0,-27.708948046866407,152.1124363379584
258,3,Mudkip,Mud Fish Pokémon,water,0.4,7.6,70,50,50,50,50,40,0,-28.046771330568333,153.77539122582576
259,3,Marshtomp,Mud Fish Pokémon,water,0.7,28.0,85,70,70,60,70,50,0,-26.969082812375618,152.04244475520147
260,3,Swampert,Mud Fish Pokémon,water,1.5,81.9,150,110,100,95,110,70,0,-27.370667694570773,153.7713871233718
261,3,Poochyena,Bite Pokémon,dark,0.5,13.6,55,35,35,30,30,35,0,-29.13940528112137,153.56336019237995
262,3,Mightyena,Bite Pokémon,dark,1.0,37.0,90,70,70,60,60,70,0,-28.132623758945847,153.59059866859317
263,3,Zigzagoon,Tiny Racoon Pokémon,normal,0.4,17.5,30,41,38,30,41,60,0,-28.233259156542516,151.2151178993355
264,3,Linoone,Rush Pokémon,normal,0.5,32.5,70,61,78,50,61,100,0,-29.097542437883163,153.0680849466614
265,3,Wurmple,Worm Pokémon,bug,0.3,3.6,45,35,45,20,30,20,0,-27.21027749827852,152.1156833748956
266,3,Silcoon,Cocoon Pokémon,bug,0.6,10.0,35,55,50,25,25,15,0,-26.831407541222625,151.35847993773106
267,3,Beautifly,Butterfly Pokémon,bug,1.0,28.4,70,50,60,100,50,65,0,-27.536079798647314,151.80898380023754
268,3,Cascoon,Cocoon Pokémon,bug,0.7,11.5,35,55,50,25,25,15,0,-28.121836107802157,153.06739867131643
269,3,Dustox,Poison Moth Pokémon,bug,1.2,31.6,50,70,60,50,90,65,0,-28.330413365283952,152.6354444557702
270,3,Lotad,Water Weed Pokémon,water,0.5,2.6,30,30,40,40,50,30,0,-26.46370719078556,152.44310813047687
271,3,Lombre,Jolly Pokémon,water,1.2,32.5,50,50,60,60,70,50,0,-26.634307887934856,151.89029314534238
272,3,Ludicolo,Carefree Pokémon,water,1.5,55.0,70,70,80,90,100,70,0,-26.940195822084718,154.4615686206579
273,3,Seedot,Acorn Pokémon,grass,0.5,4.0,40,50,40,30,30,30,0,-29.94164450012729,152.22310474452954
274,3,Nuzleaf,Wily Pokémon,grass,1.0,28.0,70,40,70,60,40,60,0,-26.89292787281946,152.81695461395702
275,3,Shiftry,Wickid Pokémon,grass,1.3,59.6,100,60,90,90,60,80,0,-27.09885412662869,152.4160148132842
276,3,Taillow,TinySwallow Pokémon,normal,0.3,2.3,55,30,40,30,30,85,0,-27.3834102125271,152.86432276460792
277,3,Swellow,Swallow Pokémon,normal,0.7,19.8,85,60,60,75,50,125,0,-26.302217938340192,153.27442084330121
278,3,Wingull,Seagull Pokémon,water,0.6,9.5,30,30,40,55,30,85,0,-27.132397337924797,152.60812303387755
279,3,Pelipper,Water Bird Pokémon,water,1.2,28.0,50,100,60,95,70,65,0,-27.957606224072492,152.5874418121804
280,3,Ralts,Feeling Pokémon,psychic,0.4,6.6,25,25,28,45,35,40,0,-27.075547857621704,152.59901551917974
281,3,Kirlia,Emotion Pokémon,psychic,0.8,20.2,35,35,38,65,55,50,0,-27.180225143103584,155.09540079864544
282,3,Gardevoir,Embrace Pokémon,psychic,1.6,48.4,85,65,68,165,135,100,0,-26.598875296568306,152.69397646783216
283,3,Surskit,Pond Skater Pokémon,bug,0.5,1.7,30,32,40,50,52,65,0,-26.268786077836054,152.61192462697846
284,3,Masquerain,Eyeball Pokémon,bug,0.8,3.6,60,62,70,100,82,80,0,-29.508124535177853,152.0119136890826
285,3,Shroomish,Mushroom Pokémon,grass,0.4,4.5,40,60,60,40,60,35,0,-29.340791921025854,152.6684865159587
286,3,Breloom,Mushroom Pokémon,grass,1.2,39.2,130,80,60,60,60,70,0,-27.451581620810448,154.6964373122753
287,3,Slakoth,Slacker Pokémon,normal,0.8,24.0,60,60,60,35,35,30,0,-27.143072626235835,152.80089947119114
288,3,Vigoroth,Wild Monkey Pokémon,normal,1.4,46.5,80,80,80,55,55,90,0,-26.64059441881651,150.80886469099212
289,3,Slaking,Lazy Pokémon,normal,2.0,130.5,160,100,150,95,65,100,0,-27.234385441891433,153.790865193887
290,3,Nincada,Trainee Pokémon,bug,0.5,5.5,45,90,31,30,30,40,0,-28.94858624577984,154.16375404320695
291,3,Ninjask,Ninja Pokémon,bug,0.8,12.0,90,45,61,50,50,160,0,-27.131503592505585,152.6047120860992
292,3,Shedinja,Shed Pokémon,bug,0.8,1.2,90,45,1,30,30,40,0,-26.837218133893714,155.2906928578044
293,3,Whismur,Whisper Pokémon,normal,0.6,16.3,51,23,64,51,23,28,0,-27.288133744941504,153.26822058630034
294,3,Loudred,Big Voice Pokémon,normal,1.0,40.5,71,43,84,71,43,48,0,-27.929360899540242,152.17015563053522
295,3,Exploud,Loud Noise Pokémon,normal,1.5,84.0,91,63,104,91,73,68,0,-26.639664183455753,152.16391617409116
296,3,Makuhita,Guts Pokémon,fighting,1.0,86.4,60,30,72,20,30,25,0,-27.398433762780606,152.5423425532349
297,3,Hariyama,Arm Thrust Pokémon,fighting,2.3,253.8,120,60,144,40,60,50,0,-26.991020174253606,153.35366210528696
298,3,Azurill,Polka Dot Pokémon,normal,0.2,2.0,20,40,50,20,40,20,0,-26.432460055742098,152.50998360114525
299,3,Nosepass,Compass Pokémon,rock,1.0,97.0,45,135,30,45,90,30,0,-27.73987493529337,152.0412362842177
300,3,Skitty,Kitten Pokémon,normal,0.6,11.0,45,45,50,35,35,50,0,-27.91429326007611,153.39730049304487
301,3,Delcatty,Prim Pokémon,normal,1.1,32.6,65,65,70,55,55,90,0,-26.713011383354647,152.09783467582238
302,3,Sableye,Darkness Pokémon,dark,0.5,11.0,85,125,50,85,115,20,0,-26.60039407989434,154.37563785880496
303,3,Mawile,Deceiver Pokémon,steel,0.6,11.5,105,125,50,55,95,50,0,-27.056565096776296,154.89679581255808
304,3,Aron,Iron Armor Pokémon,steel,0.4,60.0,70,100,50,40,40,30,0,-28.24378919910357,151.77534529668858
305,3,Lairon,Iron Armor Pokémon,steel,0.9,120.0,90,140,60,50,50,40,0,-29.248720248904277,154.5160443114892
306,3,Aggron,Iron Armor Pokémon,steel,2.1,360.0,140,230,70,60,80,50,0,-26.81563434364594,152.96441532908955
307,3,Meditite,Meditate Pokémon,fighting,0.6,11.2,40,55,30,40,55,60,0,-27.190031373680178,151.89451095270164
308,3,Medicham,Meditate Pokémon,fighting,1.3,31.5,100,85,60,80,85,100,0,-25.024248020383173,153.14922118197524
309,3,Electrike,Lightning Pokémon,electric,0.6,15.2,45,40,40,65,40,65,0,-27.360605205395107,153.7457666238987
310,3,Manectric,Discharge Pokémon,electric,1.5,40.2,75,80,70,135,80,135,0,-26.988990768263285,153.24388402427914
311,3,Plusle,Cheering Pokémon,electric,0.4,4.2,50,40,60,85,75,95,0,-28.260474455445312,153.491468357136
312,3,Minun,Cheering Pokémon,electric,0.4,4.2,40,50,60,75,85,95,0,-25.587975503524966,154.36542004615498
313,3,Volbeat,Firefly Pokémon,bug,0.7,17.7,73,75,65,47,85,85,0,-25.8768133733606,152.50878432356882
314,3,Illumise,Firefly Pokémon,bug,0.6,17.7,47,75,65,73,85,85,0,-28.45960482025858,152.89421307990037
315,3,Roselia,Thorn Pokémon,grass,0.3,2.0,60,45,50,100,80,65,0,-27.414275087711303,154.11419151847096
316,3,Gulpin,Stomach Pokémon,poison,0.4,10.3,43,53,70,43,53,40,0,-29.16246462971482,154.54955031946062
317,3,Swalot,Poison Bag Pokémon,poison,1.7,80.0,73,83,100,73,83,55,0,-27.62800789857899,152.59311893005258
318,3,Carvanha,Savage Pokémon,water,0.8,20.8,90,20,45,65,20,65,0,-28.482104375260167,151.36514332813425
319,3,Sharpedo,Brutal Pokémon,water,1.8,88.8,140,70,70,110,65,105,0,-26.646829416038084,153.09331796718843
320,3,Wailmer,Ball Whale Pokémon,water,2.0,130.0,70,35,130,70,35,60,0,-28.759960899741053,151.7249212279364
321,3,Wailord,Float Whale Pokémon,water,14.5,398.0,90,45,170,90,45,60,0,-27.805784699290125,154.6890215252894
322,3,Numel,Numb Pokémon,fire,0.7,24.0,60,40,60,65,45,35,0,-27.729591351363602,151.5168570468819
323,3,Camerupt,Eruption Pokémon,fire,1.9,220.0,120,100,70,145,105,20,0,-27.71574306408594,152.74727643025233
324,3,Torkoal,Coal Pokémon,fire,0.5,80.4,85,140,70,85,70,20,0,-30.16688664294157,152.9657051334822
325,3,Spoink,Bounce Pokémon,psychic,0.7,30.6,25,35,60,70,80,60,0,-27.700934530208677,153.71620636481342
326,3,Grumpig,Manipulate Pokémon,psychic,0.9,71.5,45,65,80,90,110,80,0,-25.621043905054655,154.14656502954776
327,3,Spinda,Spot Panda Pokémon,normal,1.1,5.0,60,60,60,60,60,60,0,-27.73888869055483,151.91347409125834
328,3,Trapinch,Ant Pit Pokémon,ground,0.7,15.0,100,45,45,45,45,10,0,-24.896640196750138,153.0792184340145
329,3,Vibrava,Vibration Pokémon,ground,1.1,15.3,70,50,50,50,50,70,0,-27.456070708087054,152.99587491289
330,3,Flygon,Mystic Pokémon,ground,2.0,82.0,100,80,80,80,80,100,0,-27.271915239232143,152.87563958807607
331,3,Cacnea,Cactus Pokémon,grass,0.4,51.3,85,40,50,85,40,35,0,-28.043662006880236,152.4731410587596
332,3,Cacturne,Scarecrow Pokémon,grass,1.3,77.4,115,60,70,115,60,55,0,-27.502753270215997,152.47657522886624
333,3,Swablu,Cotton Bird Pokémon,normal,0.4,1.2,40,60,45,40,75,50,0,-28.182845782677163,153.1264302276919
334,3,Altaria,Humming Pokémon,dragon,1.1,20.6,110,110,75,110,105,80,0,-27.724977217420854,154.5239929885827
335,3,Zangoose,Cat Ferret Pokémon,normal,1.3,40.3,115,60,73,60,60,90,0,-30.12096980839301,154.11150685192248
336,3,Seviper,Fang Snake Pokémon,poison,2.7,52.5,100,60,73,100,60,65,0,-26.22391480750237,150.94660976759187
337,3,Lunatone,Meteorite Pokémon,rock,1.0,168.0,55,65,90,95,85,70,0,-27.812687594080348,152.64855913400422
338,3,Solrock,Meteorite Pokémon,rock,1.2,154.0,95,85,90,55,65,70,0,-28.87751169471782,152.24218331240914
339,3,Barboach,Whiskers Pokémon,water,0.4,1.9,48,43,50,46,41,60,0,-28.580575845465827,154.77227044342362
340,3,Whiscash,Whiskers Pokémon,water,0.9,23.6,78,73,110,76,71,60,0,-26.534321606852536,154.29155509499418
341,3,Corphish,Ruffian Pokémon,water,0.6,11.5,80,65,43,50,35,35,0,-26.748327935956763,151.89094822878278
342,3,Crawdaunt,Rogue Pokémon,water,1.1,32.8,120,85,63,90,55,55,0,-27.99452026627977,153.50937456122793
343,3,Baltoy,Clay Doll Pokémon,ground,0.5,21.5,40,55,40,40,70,55,0,-28.692127808891943,153.7329984301724
344,3,Claydol,Clay Doll Pokémon,ground,1.5,108.0,70,105,60,70,120,75,0,-27.710325398158133,152.6451791924504
345,3,Lileep,Sea Lily Pokémon,rock,1.0,23.8,41,77,66,61,87,23,0,-26.75904003179651,153.46426331148604
346,3,Cradily,Barnacle Pokémon,rock,1.5,60.4,81,97,86,81,107,43,0,-27.830966165819078,154.17932980336425
347,3,Anorith,Old Shrimp Pokémon,rock,0.7,12.5,95,50,45,40,50,75,0,-28.551063327599895,153.6359356069443
348,3,Armaldo,Plate Pokémon,rock,1.5,68.2,125,100,75,70,80,45,0,-26.876898742031614,152.71045356068603
349,3,Feebas,Fish Pokémon,water,0.6,7.4,15,20,20,10,55,80,0,-27.14386697775788,151.7688864236147
350,3,Milotic,Tender Pokémon,water,6.2,162.0,60,79,95,100,125,81,0,-26.5459729807931,152.83509786355702
351,3,Castform,Weather Pokémon,normal,0.3,0.8,70,70,70,70,70,70,0,-27.992723020519037,154.0690092258369
352,3,Kecleon,Color Swap Pokémon,normal,1.0,22.0,90,70,60,60,120,40,0,-28.17434369054276,151.61153870363646
353,3,Shuppet,Puppet Pokémon,ghost,0.6,2.3,75,35,44,63,33,45,0,-29.0266291735239,153.62600995134565
354,3,Banette,Marionette Pokémon,ghost,1.1,12.5,165,75,64,93,83,75,0,-28.750429352496283,154.77479418198436
355,3,Duskull,Requiem Pokémon,ghost,0.8,15.0,40,90,20,30,90,25,0,-29.55192940788372,154.71645636829004
356,3,Dusclops,Beckon Pokémon,ghost,1.6,30.6,70,130,40,60,130,25,0,-27.25898253279738,152.9232868881296
357,3,Tropius,Fruit Pokémon,grass,2.0,100.0,68,83,99,72,87,51,0,-28.01491908680895,153.41913611435209
358,3,Chimecho,Wind Chime Pokémon,psychic,0.6,1.0,50,80,75,95,90,65,0,-27.50763470242485,154.12330188201653
359,3,Absol,Disaster Pokémon,dark,1.2,47.0,150,60,65,115,60,115,0,-27.355772351337958,153.1703017614619
360,3,Wynaut,Bright Pokémon,psychic,0.6,14.0,23,48,95,23,48,23,0,-27.833612212213854,152.96305437627893
361,3,Snorunt,Snow Hat Pokémon,ice,0.7,16.8,50,50,50,50,50,50,0,-27.16219823110794,151.3098316073434
362,3,Glalie,Face Pokémon,ice,1.5,256.5,120,80,80,120,80,100,0,-28.818185422105714,153.76326409402273
363,3,Spheal,Clap Pokémon,ice,0.8,39.5,40,50,70,55,50,25,0,-27.29913456187206,152.83601666364734
364,3,Sealeo,Ball Roll Pokémon,ice,1.1,87.6,60,70,90,75,70,45,0,-27.451566066934607,153.3675817053617
365,3,Walrein,Ice Break Pokémon,ice,1.4,150.6,80,90,110,95,90,65,0,-28.00975968030936,152.2416952745977
366,3,Clamperl,Bivalve Pokémon,water,0.4,52.5,64,85,35,74,55,32,0,-27.27415474490232,152.041627222385
367,3,Huntail,Deep Sea Pokémon,water,1.7,27.0,104,105,55,94,75,52,0,-27.061747244285527,151.31741639576217
368,3,Gorebyss,South Sea Pokémon,water,1.8,22.6,84,105,55,114,75,52,0,-26.440844362674355,153.49259748241306
369,3,Relicanth,Longevity Pokémon,water,1.0,23.4,90,130,100,45,65,55,0,-27.21397026568612,154.0026909839455
370,3,Luvdisc,Rendezvous Pokémon,water,0.6,8.7,30,55,43,40,65,97,0,-25.804525555537424,154.03437006501815
371,3,Bagon,Rock Head Pokémon,dragon,0.6,42.1,75,60,45,40,30,50,0,-29.310874231331645,151.7404230332643
372,3,Shelgon,Endurance Pokémon,dragon,1.1,110.5,95,100,65,60,50,50,0,-28.094818577695676,153.04609105021083
373,3,Salamence,Dragon Pokémon,dragon,1.5,102.6,145,130,95,120,90,120,0,-26.952340979530877,152.29425618684655
374,3,Beldum,Iron Ball Pokémon,steel,0.6,95.2,55,80,40,35,60,30,0,-27.28323323552292,152.2646170676467
375,3,Metang,Iron Claw Pokémon,steel,1.2,202.5,75,100,60,55,80,50,0,-28.081517802991947,151.6133389031518
376,3,Metagross,Iron Leg Pokémon,steel,1.6,550.0,145,150,80,105,110,110,0,-28.393233246110903,151.66831539438368
377,3,Regirock,Rock Peak Pokémon,rock,1.7,230.0,100,200,80,50,100,50,1,-28.445873252977332,154.07364179660786
378,3,Regice,Iceberg Pokémon,ice,1.8,175.0,50,100,80,100,200,50,1,-28.419398888831942,155.6523820648374
379,3,Registeel,Iron Pokémon,steel,1.9,205.0,75,150,80,75,150,50,1,-26.97668209911911,153.2048361236949
380,3,Latias,Eon Pokémon,dragon,1.4,40.0,100,120,80,140,150,110,1,-28.32835778018121,153.720309879409
381,3,Latios,Eon Pokémon,dragon,2.0,60.0,130,100,80,160,120,110,1,-28.045637826237773,153.14200981464538
382,3,Kyogre,Sea Basin Pokémon,water,4.5,352.0,150,90,100,180,160,90,1,-24.909915461731202,152.92394010027536
383,3,Groudon,Continent Pokémon,ground,3.5,950.0,180,160,100,150,90,90,1,-26.320726673714322,152.31682357487412
384,3,Rayquaza,Sky High Pokémon,dragon,7.0,206.5,180,100,105,180,100,115,1,-27.50498849049696,154.79080063563552
385,3,Jirachi,Wish Pokémon,steel,0.3,1.1,100,100,100,100,100,100,1,-28.096967057787765,154.83244855799694
386,3,Deoxys,DNA Pokémon,psychic,1.7,60.8,95,90,50,95,90,180,1,-26.762248064544522,152.45753322410573
387,4,Turtwig,Tiny Leaf Pokémon,grass,0.4,10.2,68,64,55,45,55,31,0,56.38240773905552,38.592554449626725
388,4,Grotle,Grove Pokémon,grass,1.1,97.0,89,85,75,55,65,36,0,56.3718099622172,36.04977528010954
389,4,Torterra,Continent Pokémon,grass,2.2,310.0,109,105,95,75,85,56,0,55.02286282417513,37.37248136444849
390,4,Chimchar,Chimp Pokémon,fire,0.5,6.2,58,44,44,58,44,61,0,55.67556657089995,38.24067209755068
391,4,Monferno,Playful Pokémon,fire,0.9,22.0,78,52,64,78,52,81,0,55.927701000933254,36.284655641289895
392,4,Infernape,Flame Pokémon,fire,1.2,55.0,104,71,76,104,71,108,0,56.13019785100596,38.23058574528382
393,4,Piplup,Penguin Pokémon,water,0.4,5.2,51,53,53,61,56,40,0,56.30979044793104,38.70078072555462
394,4,Prinplup,Penguin Pokémon,water,0.8,23.0,66,68,64,81,76,50,0,56.5839221545489,38.079180079228436
395,4,Empoleon,Emperor Pokémon,water,1.7,84.5,86,88,84,111,101,60,0,55.67983428854135,35.959039066484
396,4,Starly,Starling Pokémon,normal,0.3,2.0,55,30,40,30,30,60,0,56.179618219132585,37.827687687163106
397,4,Staravia,Starling Pokémon,normal,0.6,15.5,75,50,55,40,40,80,0,56.02157883719537,36.34325142417969
398,4,Staraptor,Predator Pokémon,normal,1.2,24.9,120,70,85,50,60,100,0,54.66894345959174,38.6731528533329
399,4,Bidoof,Plump Mouse Pokémon,normal,0.5,20.0,45,40,59,35,40,31,0,55.710444846143346,38.301500697372624
400,4,Bibarel,Beaver Pokémon,normal,1.0,31.5,85,60,79,55,60,71,0,55.778318376130464,37.64975613949574
401,4,Kricketot,Cricket Pokémon,bug,0.3,2.2,25,41,37,25,41,25,0,56.688283805976,37.103955271782624
402,4,Kricketune,Cricket Pokémon,bug,1.0,25.5,85,51,77,55,51,65,0,55.846120776940985,37.157724711294954
403,4,Shinx,Flash Pokémon,electric,0.5,9.5,65,34,45,40,34,45,0,55.31550377256769,37.310827876531356
404,4,Luxio,Spark Pokémon,electric,0.9,30.5,85,49,60,60,49,60,0,55.972133771633715,37.14125137833652
405,4,Luxray,Gleam Eyes Pokémon,electric,1.4,42.0,120,79,80,95,79,70,0,57.00575612557352,36.72539269778049
406,4,Budew,Bud Pokémon,grass,0.2,1.2,30,35,40,50,70,55,0,55.56312835583864,37.18026894172582
407,4,Roserade,Bouquet Pokémon,grass,0.9,14.5,70,65,60,125,105,90,0,57.196977884353736,37.81655477651157
408,4,Cranidos,Head Butt Pokémon,rock,0.9,31.5,125,40,67,30,30,58,0,56.781844539468636,36.13443962696302
409,4,Rampardos,Head Butt Pokémon,rock,1.6,102.5,165,60,97,65,50,58,0,56.01705026586926,38.50963079562344
410,4,Shieldon,Shield Pokémon,rock,0.5,57.0,42,118,30,42,88,30,0,55.832283989275425,38.685480375065346
411,4,Bastiodon,Shield Pokémon,rock,1.3,149.5,52,168,60,47,138,30,0,55.232711549899626,39.029347440185575
412,4,Burmy,Bagworm Pokémon,bug,0.2,3.4,29,45,40,29,45,36,0,58.04889812361925,37.25716143956034
413,4,Wormadam,Bagworm Pokémon,bug,0.5,6.5,69,95,60,69,95,36,0,55.30449747859923,39.0733844771177
414,4,Mothim,Moth Pokémon,bug,0.9,23.3,94,50,70,94,50,66,0,57.329572145730715,37.097139972846726
415,4,Combee,Tiny Bee Pokémon,bug,0.3,5.5,30,42,30,30,42,70,0,55.32981318290414,37.33821539113949
416,4,Vespiquen,Beehive Pokémon,bug,1.2,38.5,80,102,70,80,102,40,0,54.405549488965725,36.7013480535158
417,4,Pachirisu,EleSquirrel Pokémon,electric,0.4,3.9,45,70,60,45,90,95,0,54.745859233247934,36.85220243489587
418,4,Buizel,Sea Weasel Pokémon,water,0.7,29.5,65,35,55,60,30,85,0,55.71531511261322,37.85421473253652
419,4,Floatzel,Sea Weasel Pokémon,water,1.1,33.5,105,55,85,85,50,115,0,57.30050049281407,36.62164595926121
420,4,Cherubi,Cherry Pokémon,grass,0.4,3.3,35,45,45,62,53,35,0,56.734322398476586,37.406011155774486
421,4,Cherrim,Blossom Pokémon,grass,0.5,9.3,60,70,70,87,78,85,0,55.700536290347564,38.2948194921666
422,4,Shellos,Sea Slug Pokémon,water,0.3,6.3,48,48,76,57,62,34,0,54.627277978437704,38.00240974618405
423,4,Gastrodon,Sea Slug Pokémon,water,0.9,29.9,83,68,111,92,82,39,0,55.91645220821306,38.11245126400814
424,4,Ambipom,Long Tail Pokémon,normal,1.2,20.3,100,66,75,60,66,115,0,56.03916864390782,40.075300139910894
425,4,Drifloon,Balloon Pokémon,ghost,0.4,1.2,50,34,90,60,44,70,0,55.11226001574868,37.08900304499818
426,4,Drifblim,Blimp Pokémon,ghost,1.2,15.0,80,44,150,90,54,80,0,55.12685947357524,37.064522880839746
427,4,Buneary,Rabbit Pokémon,normal,0.4,5.5,66,44,55,44,56,85,0,55.11261287269348,38.80901653110755
428,4,Lopunny,Rabbit Pokémon,normal,1.2,33.3,136,94,65,54,96,135,0,57.170504247989854,37.04925370625052
429,4,Mismagius,Magical Pokémon,ghost,0.9,4.4,60,60,60,105,105,105,0,54.91764442689577,38.0914155563864
430,4,Honchkrow,Big Boss Pokémon,dark,0.9,27.3,125,52,100,105,52,71,0,55.19777695571903,38.25293181775551
431,4,Glameow,Catty Pokémon,normal,0.5,3.9,55,42,49,42,37,85,0,55.9529230208513,36.104255885002765
432,4,Purugly,Tiger Cat Pokémon,normal,1.0,43.8,82,64,71,64,59,112,0,57.29750520133006,39.41587767309552
433,4,Chingling,Bell Pokémon,psychic,0.2,0.6,30,50,45,65,50,45,0,55.137211309515614,37.232298440064014
434,4,Stunky,Skunk Pokémon,poison,0.4,19.2,63,47,63,41,41,74,0,56.03586539072491,37.95445678998702
435,4,Skuntank,Skunk Pokémon,poison,1.0,38.0,93,67,103,71,61,84,0,56.40854427267283,39.63020453876635
436,4,Bronzor,Bronze Pokémon,steel,0.5,60.5,24,86,57,24,86,23,0,55.57305277250595,36.821702755461544
437,4,Bronzong,Bronze Bell Pokémon,steel,1.3,187.0,89,116,67,79,116,33,0,54.37068077198547,36.88906996005808
438,4,Bonsly,Bonsai Pokémon,rock,0.5,15.0,80,95,50,10,45,10,0,55.716873027126205,39.414557863517786
439,4,Mime Jr.,Mime Pokémon,psychic,0.6,13.0,25,45,20,70,90,60,0,55.23238870096383,37.843787951638895
440,4,Happiny,Playhouse Pokémon,normal,0.6,24.4,5,5,100,15,65,30,0,55.733577103927246,38.80839327344808
441,4,Chatot,Music Note Pokémon,normal,0.5,1.9,65,45,76,92,42,91,0,58.276932425873625,37.089131227079676
442,4,Spiritomb,Forbidden Pokémon,ghost,1.0,108.0,92,108,50,92,108,35,0,55.260560557481774,38.66416087706907
443,4,Gible,Land Shark Pokémon,dragon,0.7,20.5,70,45,58,40,45,42,0,56.43189148962631,39.46670732573603
444,4,Gabite,Cave Pokémon,dragon,1.4,56.0,90,65,68,50,55,82,0,56.333928185325966,37.26070790921294
445,4,Garchomp,Mach Pokémon,dragon,1.9,95.0,170,115,108,120,95,92,0,56.34065483069231,38.7287035805829
446,4,Munchlax,Big Eater Pokémon,normal,0.6,105.0,85,40,135,40,85,5,0,56.57048218119736,38.1272740311073
447,4,Riolu,Emanation Pokémon,fighting,0.7,20.2,70,40,40,35,40,60,0,56.816674689589156,38.78929559044567
448,4,Lucario,Aura Pokémon,fighting,1.2,54.0,145,88,70,140,70,112,0,57.13215899103753,38.26870988758964
449,4,Hippopotas,Hippo Pokémon,ground,0.8,49.5,72,78,68,38,42,32,0,55.582881919683146,37.76671368643332
450,4,Hippowdon,Heavyweight Pokémon,ground,2.0,300.0,112,118,108,68,72,47,0,56.95650896650836,36.80306432901276
451,4,Skorupi,Scorpion Pokémon,poison,0.8,12.0,50,90,40,30,55,65,0,56.1186733088729,37.22666118767264
452,4,Drapion,Ogre Scorp Pokémon,poison,1.3,61.5,90,110,70,60,75,95,0,55.77874482293482,38.898451862607295
453,4,Croagunk,Toxic Mouth Pokémon,poison,0.7,23.0,61,40,48,61,40,50,0,55.9410990680199,37.66643654815615
454,4,Toxicroak,Toxic Mouth Pokémon,poison,1.3,44.4,106,65,83,86,65,85,0,54.39014385902008,38.36625356602722
455,4,Carnivine,Bug Catcher Pokémon,grass,1.4,27.0,100,72,74,90,72,46,0,56.39548418114108,39.78325472330546
456,4,Finneon,Wing Fish Pokémon,water,0.4,7.0,49,56,49,49,61,66,0,55.442221765047,37.83915032766394
457,4,Lumineon,Neon Pokémon,water,1.2,24.0,69,76,69,69,86,91,0,55.999383683710754,39.19745327976347
458,4,Mantyke,Kite Pokémon,water,1.0,65.0,20,50,45,60,120,50,0,55.65470446761305,37.89902152577034
459,4,Snover,Frosted Tree Pokémon,grass,1.0,50.5,62,50,60,62,60,40,0,56.35789650971654,37.806609123156356
460,4,Abomasnow,Frosted Tree Pokémon,grass,2.2,135.5,132,105,90,132,105,30,0,55.30356638544947,37.8140899928983
461,4,Weavile,Sharp Claw Pokémon,dark,1.1,34.0,120,65,70,45,85,125,0,56.82363174985977,36.59348470058894
462,4,Magnezone,Magnet Area Pokémon,electric,1.2,180.0,70,115,70,130,90,60,0,55.88296967414688,36.91987918506082
463,4,Lickilicky,Licking Pokémon,normal,1.7,140.0,85,95,110,80,95,50,0,56.94504662892484,36.09681309521622
464,4,Rhyperior,Drill Pokémon,ground,2.4,282.8,140,130,115,55,55,40,0,55.19107815272841,37.997211875064515
465,4,Tangrowth,Vine Pokémon,grass,2.0,128.6,100,125,100,110,50,50,0,57.31552402923434,37.55424973892701
466,4,Electivire,Thunderbolt Pokémon,electric,1.8,138.6,123,67,75,95,85,95,0,55.1948004733068,39.50115706944059
467,4,Magmortar,Blast Pokémon,fire,1.6,68.0,95,67,75,125,95,83,0,54.30198609958376,35.42119404337991
468,4,Togekiss,Jubilee Pokémon,fairy,1.5,38.0,50,95,85,120,115,80,0,56.19001445005333,37.117945775647385
469,4,Yanmega,Ogre Darner Pokémon,bug,1.9,51.5,76,86,86,116,56,95,0,54.728767182869284,38.32835644729935
470,4,Leafeon,Verdant Pokémon,grass,1.0,25.5,110,130,65,60,65,95,0,55.9938007137712,37.05592136926327
471,4,Glaceon,Fresh Snow Pokémon,ice,0.8,25.9,60,110,65,130,95,65,0,54.46969560132911,38.49245732828014
472,4,Gliscor,Fang Scorp Pokémon,ground,2.0,42.5,95,125,75,45,75,95,0,56.400201177958664,37.52082413622062
473,4,Mamoswine,Twin Tusk Pokémon,ice,2.5,291.0,130,80,110,70,60,80,0,57.596636996047664,36.54991523367384
474,4,Porygon-Z,Virtual Pokémon,normal,0.9,34.0,80,70,85,135,75,90,0,54.22447482907526,36.928091930118754
475,4,Gallade,Blade Pokémon,psychic,1.6,52.0,165,95,68,65,115,110,0,55.7044139836445,37.86333944932269
476,4,Probopass,Compass Pokémon,rock,1.4,340.0,55,145,60,75,150,40,0,55.50876394214367,37.97205539651429
477,4,Dusknoir,Gripper Pokémon,ghost,2.2,106.6,100,135,45,65,135,45,0,54.49846057580955,39.063764604073256
478,4,Froslass,Snow Land Pokémon,ice,1.3,26.6,80,70,70,80,70,110,0,55.66784882160743,38.73729583158813
479,4,Rotom,Plasma Pokémon,electric,0.3,0.3,65,107,50,105,107,86,0,56.092725346377705,38.07675321915378
480,4,Uxie,Knowledge Pokémon,psychic,0.3,0.3,75,130,75,75,130,95,1,56.319767280232206,38.067708560017316
481,4,Mesprit,Emotion Pokémon,psychic,0.3,0.3,105,105,80,105,105,80,1,56.392722759867546,38.94915253013243
482,4,Azelf,Willpower Pokémon,psychic,0.3,0.3,125,70,75,125,70,115,1,55.94652116970147,38.32900375758851
483,4,Dialga,Temporal Pokémon,steel,5.4,683.0,120,120,100,150,100,90,1,55.66026430571277,39.06011721544947
484,4,Palkia,Spatial Pokémon,water,4.2,336.0,120,100,90,150,120,100,1,55.07360769794073,39.42094043291081
485,4,Heatran,Lava Dome Pokémon,fire,1.7,430.0,90,106,91,130,106,77,1,55.70984204935566,36.18922489788195
486,4,Regigigas,Colossal Pokémon,normal,3.7,420.0,160,110,110,80,110,100,1,55.87810441491079,36.938948342525116
487,4,Giratina,Renegade Pokémon,ghost,4.5,750.0,120,100,150,120,100,90,1,56.59064354898872,36.96737602069761
488,4,Cresselia,Lunar Pokémon,psychic,1.5,85.6,70,120,120,75,130,85,1,55.30381656678522,35.730459269054464
489,4,Phione,Sea Drifter Pokémon,water,0.4,3.1,80,80,80,80,80,80,0,55.297693680750925,35.19612067337104
490,4,Manaphy,Seafaring Pokémon,water,0.3,1.4,100,100,100,100,100,100,1,54.16609717651428,38.380414656144296
491,4,Darkrai,Pitch-Black Pokémon,dark,1.5,50.5,90,90,70,135,90,125,1,56.53580015865083,38.045457561784964
492,4,Shaymin,Gratitude Pokémon,grass,0.2,2.1,103,75,100,120,75,127,1,54.783023856870784,37.572288643858016
493,4,Arceus,Alpha Pokémon,normal,3.2,320.0,120,120,120,120,120,120,1,55.746397460909435,36.46163531080745
494,5,Victini,Victory Pokémon,psychic,0.4,4.0,100,100,100,100,100,100,1,42.21339830176715,-73.13263770942433
495,5,Snivy,Grass Snake Pokémon,grass,0.6,8.1,45,55,45,45,55,63,0,40.48903582617034,-73.98311416100547
496,5,Servine,Grass Snake Pokémon,grass,0.8,16.0,60,75,60,60,75,83,0,40.91838280794755,-76.05173486842429
497,5,Serperior,Regal Pokémon,grass,3.3,63.0,75,95,75,75,95,113,0,40.462822617479404,-74.69198424799781
498,5,Tepig,Fire Pig Pokémon,fire,0.5,9.9,63,45,65,45,45,45,0,39.70837999010509,-74.29110029288596
499,5,Pignite,Fire Pig Pokémon,fire,1.0,55.5,93,55,90,70,55,55,0,42.507686526849525,-73.369157138733
500,5,Emboar,Mega Fire Pig Pokémon,fire,1.6,150.0,123,65,110,100,65,65,0,40.13882101021721,-73.43741721864384
501,5,Oshawott,Sea Otter Pokémon,water,0.5,5.9,55,45,55,63,45,45,0,42.109355436586,-73.08536631708724
502,5,Dewott,Discipline Pokémon,water,0.8,24.5,75,60,75,83,60,60,0,40.76963036992017,-74.65693677770558
503,5,Samurott,Formidable Pokémon,water,1.5,94.6,100,85,95,108,70,70,0,41.40822331361359,-73.61651461457825
504,5,Patrat,Scout Pokémon,normal,0.5,11.6,55,39,45,35,39,42,0,41.605193220027736,-73.37482819831804
505,5,Watchog,Lookout Pokémon,normal,1.1,27.0,85,69,60,60,69,77,0,41.75955271531934,-74.54523521156057
506,5,Lillipup,Puppy Pokémon,normal,0.4,4.1,60,45,45,25,45,55,0,42.027394065634326,-73.8124003953076
507,5,Herdier,Loyal Dog Pokémon,normal,0.9,14.7,80,65,65,35,65,60,0,42.785260872625265,-74.69918781808957
508,5,Stoutland,Big-Hearted Pokémon,normal,1.2,61.0,110,90,85,45,90,80,0,42.44596380316525,-73.81208921653736
509,5,Purrloin,Devious Pokémon,dark,0.4,10.1,50,37,41,50,37,66,0,40.058581996385556,-74.49388583405432
510,5,Liepard,Cruel Pokémon,dark,1.1,37.5,88,50,64,88,50,106,0,40.38965269180568,-73.58583405359809
511,5,Pansage,Grass Monkey Pokémon,grass,0.6,10.5,53,48,50,53,48,64,0,41.2328354880355,-74.58370000393859
512,5,Simisage,Thorn Monkey Pokémon,grass,1.1,30.5,98,63,75,98,63,101,0,40.68564540773902,-71.86772964138814
513,5,Pansear,High Temp Pokémon,fire,0.6,11.0,53,48,50,53,48,64,0,42.43754317010071,-73.57367633032597
514,5,Simisear,Ember Pokémon,fire,1.0,28.0,98,63,75,98,63,101,0,40.7480034781682,-73.88996867328174
515,5,Panpour,Spray Pokémon,water,0.6,13.5,53,48,50,53,48,64,0,41.323517972730414,-75.0327925651984
516,5,Simipour,Geyser Pokémon,water,1.0,29.0,98,63,75,98,63,101,0,40.45262346257665,-75.6785840738776
517,5,Munna,Dream Eater Pokémon,psychic,0.6,23.3,25,45,76,67,55,24,0,41.10922312260528,-73.36280406029726
518,5,Musharna,Drowsing Pokémon,psychic,1.1,60.5,55,85,116,107,95,29,0,40.22681353770063,-72.43601323670997
519,5,Pidove,Tiny Pigeon Pokémon,normal,0.3,2.1,55,50,50,36,30,43,0,39.48423433699766,-75.47437488020982
520,5,Tranquill,Wild Pigeon Pokémon,normal,0.6,15.0,77,62,62,50,42,65,0,40.93445181855997,-72.96290169738785
521,5,Unfezant,Proud Pokémon,normal,1.2,29.0,115,80,80,65,55,93,0,42.39392769145787,-74.46888426286894
522,5,Blitzle,Electrified Pokémon,electric,0.8,29.8,60,32,45,50,32,76,0,41.78868083343129,-74.04850846950072
523,5,Zebstrika,Thunderbolt Pokémon,electric,1.6,79.5,100,63,75,80,63,116,0,40.53737270005918,-73.12634006251334
524,5,Roggenrola,Mantle Pokémon,rock,0.4,18.0,75,85,55,25,25,15,0,41.36232287841342,-75.58639215698426
525,5,Boldore,Ore Pokémon,rock,0.9,102.0,105,105,70,50,40,20,0,42.186540349725895,-72.62990864585255
526,5,Gigalith,Compressed Pokémon,rock,1.7,260.0,135,130,85,60,80,25,0,40.08443729849047,-73.61419646656259
527,5,Woobat,Bat Pokémon,psychic,0.4,2.1,45,43,65,55,43,72,0,41.204030186282736,-73.7493262341761
528,5,Swoobat,Courting Pokémon,psychic,0.9,10.5,57,55,67,77,55,114,0,40.15969484615458,-74.68162336793806
529,5,Drilbur,Mole Pokémon,ground,0.3,8.5,85,40,60,30,45,68,0,40.684445929008554,-72.83727098074064
530,5,Excadrill,Subterrene Pokémon,ground,0.7,40.4,135,60,110,50,65,88,0,41.25360015459443,-74.38061433208611
531,5,Audino,Hearing Pokémon,normal,1.1,31.0,60,126,103,80,126,50,0,41.481698710648345,-76.85854262063008
532,5,Timburr,Muscular Pokémon,fighting,0.6,12.5,80,55,75,25,35,35,0,41.8587657003721,-75.7497137787781
533,5,Gurdurr,Muscular Pokémon,fighting,1.2,40.0,105,85,85,40,50,40,0,40.34755905859687,-75.12966989462615
534,5,Conkeldurr,Muscular Pokémon,fighting,1.4,87.0,140,95,105,55,65,45,0,39.415318524279094,-72.84917321262148
535,5,Tympole,Tadpole Pokémon,water,0.5,4.5,50,40,50,50,40,64,0,40.24229879868811,-73.6634961182693
536,5,Palpitoad,Vibration Pokémon,water,0.8,17.0,65,55,75,65,55,69,0,40.66307942112082,-73.53295917277688
537,5,Seismitoad,Vibration Pokémon,water,1.5,62.0,95,75,105,85,75,74,0,40.78682189106026,-75.29299222418858
538,5,Throh,Judo Pokémon,fighting,1.3,55.5,100,85,120,30,85,45,0,41.706266819447144,-74.50375658316132
539,5,Sawk,Karate Pokémon,fighting,1.4,51.0,125,75,75,30,75,85,0,39.15341810134025,-74.43811516096592
540,5,Sewaddle,Sewing Pokémon,bug,0.3,2.5,53,70,45,40,60,42,0,42.21075979063431,-73.15977825788652
541,5,Swadloon,Leaf-Wrapped Pokémon,bug,0.5,7.3,63,90,55,50,80,42,0,40.361347865592144,-74.35925770431844
542,5,Leavanny,Nurturing Pokémon,bug,1.2,20.5,103,80,75,70,80,92,0,40.388364948782616,-71.93325201643917
543,5,Venipede,Centipede Pokémon,bug,0.4,5.3,45,59,30,30,39,57,0,41.09193545223155,-73.57995835280893
544,5,Whirlipede,Curlipede Pokémon,bug,1.2,58.5,55,99,40,40,79,47,0,41.74028345403184,-73.7712108409735
545,5,Scolipede,Megapede Pokémon,bug,2.5,200.5,100,89,60,55,69,112,0,40.4509578541793,-74.20634984908499
546,5,Cottonee,Cotton Puff Pokémon,grass,0.3,0.6,27,60,40,37,50,66,0,40.638398740585934,-74.04722223650985
547,5,Whimsicott,Windveiled Pokémon,grass,0.7,6.6,67,85,60,77,75,116,0,41.43762954363698,-73.9580541141927
548,5,Petilil,Bulb Pokémon,grass,0.5,6.6,35,50,45,70,50,30,0,41.44264007721558,-74.09071658010859
549,5,Lilligant,Flowering Pokémon,grass,1.1,16.3,60,75,70,110,75,90,0,40.78863519031609,-76.00820068453211
550,5,Basculin,Hostile Pokémon,water,1.0,18.0,92,65,70,80,55,98,0,41.62632767470248,-73.663511524102
551,5,Sandile,Desert Croc Pokémon,ground,0.7,15.2,72,35,50,35,35,65,0,41.70801010985965,-76.90625537819369
552,5,Krokorok,Desert Croc Pokémon,ground,1.0,33.4,82,45,60,45,45,74,0,42.79837470478073,-74.14958962815518
553,5,Krookodile,Intimidation Pokémon,ground,1.5,96.3,117,80,95,65,70,92,0,41.81818281673752,-75.04990592712554
554,5,Darumaka,Zen Charm Pokémon,fire,0.6,37.5,90,45,70,15,45,50,0,41.32277390506257,-75.06341556317366
555,5,Darmanitan,Blazing Pokémon,fire,1.3,92.9,30,105,105,140,105,55,0,40.086231039304195,-72.09596864613322
556,5,Maractus,Cactus Pokémon,grass,1.0,28.0,86,67,75,106,67,60,0,40.51931759923666,-73.79256712682029
557,5,Dwebble,Rock Inn Pokémon,bug,0.3,14.5,65,85,50,35,35,55,0,41.580067730688754,-73.5143181120274
558,5,Crustle,Stone Home Pokémon,bug,1.4,200.0,105,125,70,65,75,45,0,40.860418905143575,-73.64503899753377
559,5,Scraggy,Shedding Pokémon,dark,0.6,11.8,75,70,50,35,70,48,0,43.11341558523828,-74.06761879703359
560,5,Scrafty,Hoodlum Pokémon,dark,1.1,30.0,90,115,65,45,115,58,0,40.911099046714966,-72.95934560399239
561,5,Sigilyph,Avianoid Pokémon,psychic,1.4,14.0,58,80,72,103,80,97,0,41.81552593295798,-72.82296969443962
562,5,Yamask,Spirit Pokémon,ghost,0.5,1.5,30,85,38,55,65,30,0,41.34873022202918,-75.1530049127305
563,5,Cofagrigus,Coffin Pokémon,ghost,1.7,76.5,50,145,58,95,105,30,0,42.343431532301096,-75.1563453930187
564,5,Tirtouga,Prototurtle Pokémon,water,0.7,16.5,78,103,54,53,45,22,0,41.012635465239036,-74.76427585001936
565,5,Carracosta,Prototurtle Pokémon,water,1.2,81.0,108,133,74,83,65,32,0,40.64586165340701,-73.68123758969652
566,5,Archen,First Bird Pokémon,rock,0.5,9.5,112,45,55,74,45,70,0,41.03135721545027,-73.58807924576472
567,5,Archeops,First Bird Pokémon,rock,1.4,32.0,140,65,75,112,65,110,0,42.32371126905865,-73.55646569848602
568,5,Trubbish,Trash Bag Pokémon,poison,0.6,31.0,50,62,50,40,62,65,0,40.46584336470935,-73.04591283171165
569,5,Garbodor,Trash Heap Pokémon,poison,1.9,107.3,95,82,80,60,82,75,0,41.89947048892464,-75.237607815137
570,5,Zorua,Tricky Fox Pokémon,dark,0.7,12.5,65,40,40,80,40,65,0,41.30740006984986,-73.3088272576891
571,5,Zoroark,Illusion Fox Pokémon,dark,1.6,81.1,105,60,60,120,60,105,0,40.41243649664001,-72.63429318668838
572,5,Minccino,Chinchilla Pokémon,normal,0.4,5.8,50,40,55,40,40,75,0,40.559944412967475,-73.88442354652847
573,5,Cinccino,Scarf Pokémon,normal,0.5,7.5,95,60,75,65,60,115,0,40.536928175716135,-73.99442095241854
574,5,Gothita,Fixation Pokémon,psychic,0.4,5.8,30,50,45,55,65,45,0,39.6137249131048,-75.4500508825943
575,5,Gothorita,Manipulate Pokémon,psychic,0.7,18.0,45,70,60,75,85,55,0,42.30450506322497,-74.85696134831834
576,5,Gothitelle,Astral Body Pokémon,psychic,1.5,44.0,55,95,70,95,110,65,0,39.718607650543696,-76.16339011360373
577,5,Solosis,Cell Pokémon,psychic,0.3,1.0,30,40,45,105,50,20,0,40.0710382523105,-75.33308979340751
578,5,Duosion,Mitosis Pokémon,psychic,0.6,8.0,40,50,65,125,60,30,0,42.35201516013637,-73.00018291065737
579,5,Reuniclus,Multiplying Pokémon,psychic,1.0,20.1,65,75,110,125,85,30,0,40.021849654822276,-71.7575641946557
580,5,Ducklett,Water Bird Pokémon,water,0.5,5.5,44,50,62,44,50,55,0,41.69176548699159,-74.33483138350863
581,5,Swanna,White Bird Pokémon,water,1.3,24.2,87,63,75,87,63,98,0,38.210594285126426,-71.71905742740927
582,5,Vanillite,Fresh Snow Pokémon,ice,0.4,5.7,50,50,36,65,60,44,0,39.320427533236405,-75.65539874695689
583,5,Vanillish,Icy Snow Pokémon,ice,1.1,41.0,65,65,51,80,75,59,0,41.73257043200964,-71.57024759366074
584,5,Vanilluxe,Snowstorm Pokémon,ice,1.3,57.5,95,85,71,110,95,79,0,42.09427281851052,-73.44609087994765
585,5,Deerling,Season Pokémon,normal,0.6,19.5,60,50,60,40,50,75,0,41.30475434166529,-73.15658444121969
586,5,Sawsbuck,Season Pokémon,normal,1.9,92.5,100,70,80,60,70,95,0,41.46892858978676,-73.72880857603063
587,5,Emolga,Sky Squirrel Pokémon,electric,0.4,5.0,75,60,55,75,60,103,0,40.81420110395187,-74.07259312789952
588,5,Karrablast,Clamping Pokémon,bug,0.5,5.9,75,45,50,40,45,60,0,39.95603541113332,-74.29067507686678
589,5,Escavalier,Cavalry Pokémon,bug,1.0,33.0,135,105,70,60,105,20,0,39.01704318580462,-74.10833962679476
590,5,Foongus,Mushroom Pokémon,grass,0.2,1.0,55,45,69,55,55,15,0,39.721408892849084,-75.11358931721577
591,5,Amoonguss,Mushroom Pokémon,grass,0.6,10.5,85,70,114,85,80,30,0,40.88989415115348,-72.6179977136554
592,5,Frillish,Floating Pokémon,water,1.2,33.0,40,50,55,65,85,40,0,41.628316606002315,-75.58050060362318
593,5,Jellicent,Floating Pokémon,water,2.2,135.0,60,70,100,85,105,60,0,39.72037186342966,-73.06922881201179
594,5,Alomomola,Caring Pokémon,water,1.2,31.6,75,80,165,40,45,65,0,39.727512606461694,-74.23463314999702
595,5,Joltik,Attaching Pokémon,bug,0.1,0.6,47,50,50,57,50,65,0,41.260052099024556,-74.97834445486365
596,5,Galvantula,EleSpider Pokémon,bug,0.8,14.3,77,60,70,97,60,108,0,40.81537550614596,-75.34402549491821
597,5,Ferroseed,Thorn Seed Pokémon,grass,0.6,18.8,50,91,44,24,86,10,0,40.10863235604879,-73.69021806585747
598,5,Ferrothorn,Thorn Pod Pokémon,grass,1.0,110.0,94,131,74,54,116,20,0,39.11700626646833,-73.5695252620396
599,5,Klink,Gear Pokémon,steel,0.3,21.0,55,70,40,45,60,30,0,40.69036220107332,-73.45751004558285
600,5,Klang,Gear Pokémon,steel,0.6,51.0,80,95,60,70,85,50,0,40.933914134064665,-72.64585957002616
601,5,Klinklang,Gear Pokémon,steel,0.6,81.0,100,115,60,70,85,90,0,40.83522450264791,-74.43940554112525
602,5,Tynamo,EleFish Pokémon,electric,0.2,0.3,55,40,35,45,40,60,0,40.83229750303229,-73.46670197096361
603,5,Eelektrik,EleFish Pokémon,electric,1.2,22.0,85,70,65,75,70,40,0,40.7588600703257,-73.96940830879612
604,5,Eelektross,EleFish Pokémon,electric,2.1,80.5,115,80,85,105,80,50,0,40.00800831219325,-74.67290091755095
605,5,Elgyem,Cerebral Pokémon,psychic,0.5,9.0,55,55,55,85,55,30,0,39.30739472820031,-72.26042325681307
606,5,Beheeyem,Cerebral Pokémon,psychic,1.0,34.5,75,75,75,125,95,40,0,39.46613676460871,-74.70290519779591
607,5,Litwick,Candle Pokémon,ghost,0.3,3.1,30,55,50,65,55,20,0,39.9915927344308,-73.11507562305556
608,5,Lampent,Lamp Pokémon,ghost,0.6,13.0,40,60,60,95,60,55,0,40.41505032170797,-72.76225792732627
609,5,Chandelure,Luring Pokémon,ghost,1.0,34.3,55,90,60,145,90,80,0,40.03650937575613,-73.73100583777621
610,5,Axew,Tusk Pokémon,dragon,0.6,18.0,87,60,46,30,40,57,0,39.87465294674024,-71.86485087222661
611,5,Fraxure,Axe Jaw Pokémon,dragon,1.0,36.0,117,70,66,40,50,67,0,39.52240158097049,-73.70017928977298
612,5,Haxorus,Axe Jaw Pokémon,dragon,1.8,105.5,147,90,76,60,70,97,0,41.3437768809321,-73.5962009025485
613,5,Cubchoo,Chill Pokémon,ice,0.5,8.5,70,40,55,60,40,40,0,40.524712341122296,-74.13982069973343
614,5,Beartic,Freezing Pokémon,ice,2.6,260.0,130,80,95,70,80,50,0,40.75381147197911,-74.1570020016285
615,5,Cryogonal,Crystallizing Pokémon,ice,1.1,148.0,50,50,80,95,135,105,0,41.67387911679491,-71.79947699840865
616,5,Shelmet,Snail Pokémon,bug,0.4,7.7,40,85,50,40,65,25,0,40.15250821499217,-75.37980297957908
617,5,Accelgor,Shell Out Pokémon,bug,0.8,25.3,70,40,80,100,60,145,0,40.62171795164875,-71.43029066234568
618,5,Stunfisk,Trap Pokémon,ground,0.7,11.0,66,84,109,81,99,32,0,39.90632543203027,-72.37088319455594
619,5,Mienfoo,Martial Arts Pokémon,fighting,0.9,20.0,85,50,45,55,50,65,0,42.38770081407644,-74.563588241708
620,5,Mienshao,Martial Arts Pokémon,fighting,1.4,35.5,125,60,65,95,60,105,0,41.278983079185274,-72.38160337687147
621,5,Druddigon,Cave Pokémon,dragon,1.6,139.0,120,90,77,60,90,48,0,40.330872259012516,-74.21358036010237
622,5,Golett,Automaton Pokémon,ground,1.0,92.0,74,50,59,35,50,35,0,40.128319086051356,-75.02475673069287
623,5,Golurk,Automaton Pokémon,ground,2.8,330.0,124,80,89,55,80,55,0,40.060722454933995,-75.23394026676226
624,5,Pawniard,Sharp Blade Pokémon,dark,0.5,10.2,85,70,45,40,40,60,0,40.74408346825923,-74.77997323105865
625,5,Bisharp,Sword Blade Pokémon,dark,1.6,70.0,125,100,65,60,70,70,0,40.94378591179075,-75.56589564620363
626,5,Bouffalant,Bash Buffalo Pokémon,normal,1.6,94.6,110,95,95,40,95,55,0,41.040880232214455,-73.17647103839109
627,5,Rufflet,Eaglet Pokémon,normal,0.5,10.5,83,50,70,37,50,60,0,38.71626435742854,-73.63594343015244
628,5,Braviary,Valiant Pokémon,normal,1.5,41.0,123,75,100,57,75,80,0,41.93766899247329,-75.2196410186912
629,5,Vullaby,Diapered Pokémon,dark,0.5,9.0,55,75,70,45,65,60,0,42.3825723868377,-73.59098099063397
630,5,Mandibuzz,Bone Vulture Pokémon,dark,1.2,39.5,65,105,110,55,95,80,0,40.004988144241594,-74.0657690776577
631,5,Heatmor,Anteater Pokémon,fire,1.4,58.0,97,66,85,105,66,65,0,41.26832691252172,-73.9339946085876
632,5,Durant,Iron Ant Pokémon,bug,0.3,33.0,109,112,58,48,48,109,0,41.24875599244637,-74.93067359307938
633,5,Deino,Irate Pokémon,dark,0.8,17.3,65,50,52,45,50,38,0,40.87936082403608,-75.42371449690499
634,5,Zweilous,Hostile Pokémon,dark,1.4,50.0,85,70,72,65,70,58,0,40.5987739386513,-74.91390764146479
635,5,Hydreigon,Brutal Pokémon,dark,1.8,160.0,105,90,92,125,90,98,0,39.97447005741024,-72.77390682478956
636,5,Larvesta,Torch Pokémon,bug,1.1,28.8,85,55,55,50,55,60,0,41.80131012059427,-73.40086187909283
637,5,Volcarona,Sun Pokémon,bug,1.6,46.0,60,65,85,135,105,100,0,39.61768723532742,-74.32640844969481
638,5,Cobalion,Iron Will Pokémon,steel,2.1,250.0,90,129,91,90,72,108,1,41.92309769997918,-73.8682830863601
639,5,Terrakion,Cavern Pokémon,rock,1.9,260.0,129,90,91,72,90,108,1,43.029329539981696,-73.61668216060563
640,5,Virizion,Grassland Pokémon,grass,2.0,200.0,90,72,91,90,129,108,1,40.90204911649003,-74.31911646420251
641,5,Tornadus,Cyclone Pokémon,flying,1.5,63.0,100,80,79,110,90,121,1,40.84354090478228,-74.16246983638055
642,5,Thundurus,Bolt Strike Pokémon,electric,1.5,61.0,105,70,79,145,80,101,1,41.41810867668859,-73.05329768320541
643,5,Reshiram,Vast White Pokémon,dragon,3.2,330.0,120,100,100,150,120,90,1,39.92401053949205,-75.34123295355778
644,5,Zekrom,Deep Black Pokémon,dragon,2.9,345.0,150,120,100,120,100,90,1,38.873794626896704,-73.50200867308746
645,5,Landorus,Abundance Pokémon,ground,1.5,68.0,145,90,89,105,80,91,1,39.60663339382613,-76.1628905929525
646,5,Kyurem,Boundary Pokémon,dragon,3.0,325.0,120,90,125,170,100,95,1,41.098578604530964,-71.51700048256721
647,5,Keldeo,Colt Pokémon,water,1.4,48.5,72,90,91,129,90,108,1,40.70392908846011,-73.17150922554836
648,5,Meloetta,Melody Pokémon,normal,0.6,6.5,128,90,100,77,77,128,1,40.79182935854757,-74.10888965319114
649,5,Genesect,Paleozoic Pokémon,bug,1.5,82.5,120,95,71,120,95,99,1,41.62907648298777,-74.30027454418865
650,6,Chespin,Spiky Nut Pokémon,grass,0.4,9.0,61,65,56,48,45,38,0,49.11739231407191,2.671697806196014
651,6,Quilladin,Spiny Armor Pokémon,grass,0.7,29.0,78,95,61,56,58,57,0,48.181909546356955,3.342042349536523
652,6,Chesnaught,Spiny Armor Pokémon,grass,1.6,90.0,107,122,88,74,75,64,0,48.67504024330459,1.5942548405071553
653,6,Fennekin,Fox Pokémon,fire,0.4,9.4,45,40,40,62,60,60,0,49.38650984357041,1.4515320182089628
654,6,Braixen,Fox Pokémon,fire,1.0,14.5,59,58,59,90,70,73,0,48.87818115736913,2.3408810033557965
655,6,Delphox,Fox Pokémon,fire,1.5,39.0,69,72,75,114,100,104,0,49.93589556583158,2.824698232879953
656,6,Froakie,Bubble Frog Pokémon,water,0.3,7.0,56,40,41,62,44,71,0,48.82497304125486,3.167766299200287
657,6,Frogadier,Bubble Frog Pokémon,water,0.6,10.9,63,52,54,83,56,97,0,50.24020754901731,2.9078103063518626
658,6,Greninja,Ninja Pokémon,water,1.5,40.0,145,67,72,153,71,132,0,48.86035261984338,1.0381637676498405
659,6,Bunnelby,Digging Pokémon,normal,0.4,5.0,36,38,38,32,36,57,0,47.78488633692463,2.0447752956453327
660,6,Diggersby,Digging Pokémon,normal,1.0,42.4,56,77,85,50,77,78,0,48.24048779784072,2.1630286970145542
661,6,Fletchling,Tiny Robin Pokémon,normal,0.3,1.7,50,43,45,40,38,62,0,48.90664992489711,2.8796927543567308
662,6,Fletchinder,Ember Pokémon,fire,0.7,16.0,73,55,62,56,52,84,0,48.77950122194091,2.836501643826202
663,6,Talonflame,Scorching Pokémon,fire,1.2,24.5,81,71,78,74,69,126,0,48.91447441481012,0.3745334336461288
664,6,Scatterbug,Scatterdust Pokémon,bug,0.3,2.5,35,40,38,27,25,35,0,47.91066460618125,2.2059124442783844
665,6,Spewpa,Scatterdust Pokémon,bug,0.3,8.4,22,60,45,27,30,29,0,47.64030525715889,2.9499287299962047
666,6,Vivillon,Scale Pokémon,bug,1.2,17.0,52,50,80,90,50,89,0,50.3807508323437,3.5687618516973165
667,6,Litleo,Lion Cub Pokémon,fire,0.6,13.5,50,58,62,73,54,72,0,48.63655712906979,3.840726136849952
668,6,Pyroar,Royal Pokémon,fire,1.5,81.5,68,72,86,109,66,106,0,48.99866745720211,2.0129140288819607
669,6,Flabébé,Single Bloom Pokémon,fairy,0.1,0.1,38,39,44,61,79,42,0,48.23659733645906,2.0475303135118716
670,6,Floette,Fairy Pokémon,fairy,0.2,0.9,65,67,74,125,128,92,0,48.461823181458776,2.520416222375488
671,6,Florges,Garden Pokémon,fairy,1.1,10.0,65,68,78,112,154,75,0,49.010573981049866,2.3530460201534145
672,6,Skiddo,Mount Pokémon,grass,0.9,31.0,65,48,66,62,57,52,0,49.28693816974635,3.5406462747863414
673,6,Gogoat,Mount Pokémon,grass,1.7,91.0,100,62,123,97,81,68,0,49.799554135441326,0.8651020315500966
674,6,Pancham,Playful Pokémon,fighting,0.6,8.0,82,62,67,46,48,43,0,46.296078865098046,3.284319911239274
675,6,Pangoro,Daunting Pokémon,fighting,2.1,136.0,124,78,95,69,71,58,0,47.48312130158458,2.1252345981073164
676,6,Furfrou,Poodle Pokémon,normal,1.2,28.0,80,60,75,65,90,102,0,47.67988697394064,0.5480195624199804
677,6,Espurr,Restraint Pokémon,psychic,0.3,3.5,48,54,62,63,60,68,0,49.391462728204786,3.109155160302647
678,6,Meowstic,Constraint Pokémon,psychic,0.6,8.5,48,76,74,83,81,104,0,48.27348959927328,-0.2410422921449098
679,6,Honedge,Sword Pokémon,steel,0.8,2.0,80,100,45,35,37,28,0,48.30375555174752,2.7418040054025465
680,6,Doublade,Sword Pokémon,steel,0.8,4.5,110,150,59,45,49,35,0,47.37108843122587,2.533359919779156
681,6,Aegislash,Royal Sword Pokémon,steel,1.7,53.0,150,50,60,150,50,60,0,48.83469015082701,2.9292914996010886
682,6,Spritzee,Perfume Pokémon,fairy,0.2,0.5,52,60,78,63,65,23,0,48.96958036841416,1.3769310591184447
683,6,Aromatisse,Fragrance Pokémon,fairy,0.8,15.5,72,72,101,99,89,29,0,50.046571501664495,2.19147042697303
684,6,Swirlix,Cotton Candy Pokémon,fairy,0.4,3.5,48,66,62,59,57,49,0,48.82269546049007,1.416732040926804
685,6,Slurpuff,Meringue Pokémon,fairy,0.8,5.0,80,86,82,85,75,72,0,48.40671774880849,1.4651972859730993
686,6,Inkay,Revolving Pokémon,dark,0.4,3.5,54,53,53,37,46,45,0,48.677053940076576,4.061708480142343
687,6,Malamar,Overturning Pokémon,dark,1.5,47.0,92,88,86,68,75,73,0,47.478098857068645,0.736438602123259
688,6,Binacle,Two-Handed Pokémon,rock,0.5,31.0,52,67,42,39,56,50,0,50.32117032749361,2.140676322848134
689,6,Barbaracle,Collective Pokémon,rock,1.3,96.0,105,115,72,54,86,68,0,48.18092726134009,3.3899046873960765
690,6,Skrelp,Mock Kelp Pokémon,poison,0.5,7.3,60,60,50,60,60,30,0,48.244384460263134,4.176009713546936
691,6,Dragalge,Mock Kelp Pokémon,poison,1.8,81.5,75,90,65,97,123,44,0,49.52792587133927,1.8620885918542975
692,6,Clauncher,Water Gun Pokémon,water,0.5,8.3,53,62,50,58,63,44,0,51.0073082132655,1.7442850769966616
693,6,Clawitzer,Howitzer Pokémon,water,1.3,35.3,73,88,71,120,89,59,0,49.59209537200931,2.649292580406492
694,6,Helioptile,Generator Pokémon,electric,0.5,6.0,38,33,44,61,43,70,0,50.1517412893988,3.9115111967268525
695,6,Heliolisk,Generator Pokémon,electric,1.0,21.0,55,52,62,109,94,109,0,48.88200414906577,1.5965821296538167
696,6,Tyrunt,Royal Heir Pokémon,rock,0.8,26.0,89,77,58,45,45,48,0,49.30997214293912,1.672284630247894
697,6,Tyrantrum,Despot Pokémon,rock,2.5,270.0,121,119,82,69,59,71,0,50.863387247526624,2.4865353310827376
698,6,Amaura,Tundra Pokémon,rock,1.3,25.2,59,50,77,67,63,46,0,48.484678448687895,2.5346803058649083
699,6,Aurorus,Tundra Pokémon,rock,2.7,225.0,77,72,123,99,92,58,0,47.502873710470304,1.3783859614893486
700,6,Sylveon,Intertwining Pokémon,fairy,1.0,23.5,65,65,95,110,130,60,0,50.050413907944424,1.6931057210286045
701,6,Hawlucha,Wrestling Pokémon,fighting,0.8,21.5,92,75,78,74,63,118,0,47.803089017318065,2.8866527525272865
702,6,Dedenne,Antenna Pokémon,electric,0.2,2.2,58,57,67,81,67,101,0,50.035704154663,3.0689533106650666
703,6,Carbink,Jewel Pokémon,rock,0.3,5.7,50,150,50,50,150,50,0,49.846047685805814,1.5932049114305393
704,6,Goomy,Soft Tissue Pokémon,dragon,0.3,2.8,50,35,45,55,75,40,0,47.42818933325816,3.851333651955487
705,6,Sliggoo,Soft Tissue Pokémon,dragon,0.8,17.5,75,53,68,83,113,60,0,48.52732016115787,2.099166983544953
706,6,Goodra,Dragon Pokémon,dragon,2.0,150.5,100,70,90,110,150,80,0,50.17819414184906,2.90623000940066
707,6,Klefki,Key Ring Pokémon,steel,0.2,3.0,80,91,57,80,87,75,0,49.30588777208161,4.5150023449010845
708,6,Phantump,Stump Pokémon,ghost,0.4,7.0,70,48,43,50,60,38,0,48.206481769619856,3.2778401280812375
709,6,Trevenant,Elder Tree Pokémon,ghost,1.5,71.0,110,76,85,65,82,56,0,48.907013124897084,2.618592278863257
710,6,Pumpkaboo,Pumpkin Pokémon,ghost,0.8,15.0,66,70,59,44,55,41,0,50.37846842641253,2.857835756289624
711,6,Gourgeist,Pumpkin Pokémon,ghost,1.7,39.0,100,122,85,58,75,54,0,49.38829607904963,3.4225073373098023
712,6,Bergmite,Ice Chunk Pokémon,ice,1.0,99.5,69,85,55,32,35,28,0,48.485047270457116,1.5107903326609937
713,6,Avalugg,Iceberg Pokémon,ice,2.0,505.0,117,184,95,44,46,28,0,47.80519080597897,0.3836434106239983
714,6,Noibat,Sound Wave Pokémon,flying,0.5,8.0,30,35,40,45,40,55,0,50.90620712994033,1.246791634278317
715,6,Noivern,Sound Wave Pokémon,flying,1.5,85.0,70,80,85,97,80,123,0,48.62874637641423,2.0731867001110795
716,6,Xerneas,Life Pokémon,fairy,3.0,215.0,131,95,126,131,98,99,1,49.1574066978091,3.165737212539297
717,6,Yveltal,Destruction Pokémon,dark,5.8,203.0,131,95,126,131,98,99,1,49.710473488359746,1.7669225614310617
718,6,Zygarde,Order Pokémon,dragon,5.0,284.6,100,121,216,91,95,85,1,48.68287828621359,2.6325799504883
719,6,Diancie,Jewel Pokémon,rock,0.7,8.8,160,110,50,160,110,110,1,48.60130887381646,3.9573455760199927
720,6,Hoopa,Mischief Pokémon (Confined)Djinn Pokémonn (Unbound),psychic,,,160,60,80,170,130,80,1,49.34097495163825,3.0848777860498178
721,6,Volcanion,Steam Pokémon,fire,1.7,195.0,110,120,80,130,90,70,1,49.512881268667414,3.523473857485325
722,7,Rowlet,Grass Quill Pokémon,grass,0.3,1.5,55,55,68,50,50,42,0,21.491021558703707,-159.15683194795585
723,7,Dartrix,Blade Quill Pokémon,grass,0.7,16.0,75,75,78,70,70,52,0,21.70968795175264,-158.51135689379186
724,7,Decidueye,Arrow Quill Pokémon,grass,1.6,36.6,107,75,78,100,100,70,0,20.781383318250242,-157.27363598124492
725,7,Litten,Fire Cat Pokémon,fire,0.4,4.3,65,40,45,60,40,70,0,22.548283071433634,-157.83872842326394
726,7,Torracat,Fire Cat Pokémon,fire,0.7,25.0,85,50,65,80,50,90,0,21.618833012598962,-156.15778505536477
727,7,Incineroar,Heel Pokémon,fire,1.8,83.0,115,90,95,80,90,60,0,21.550753179488567,-155.25831688581962
728,7,Popplio,Sea Lion Pokémon,water,0.4,7.5,54,54,50,66,56,40,0,21.875509645631542,-159.62076275915584
729,7,Brionne,Pop Star Pokémon,water,0.6,17.5,69,69,60,91,81,50,0,22.06334162110453,-157.47884161511723
730,7,Primarina,Soloist Pokémon,water,1.8,44.0,74,74,80,126,116,60,0,22.599752754082743,-157.18681864873005
731,7,Pikipek,Woodpecker Pokémon,normal,0.3,1.2,75,30,35,30,30,65,0,21.171544016016224,-159.08429823628938
732,7,Trumbeak,Bugle Beak Pokémon,normal,0.6,14.8,85,50,55,40,50,75,0,21.100976742713975,-158.7105204542093
733,7,Toucannon,Cannon Pokémon,normal,1.1,26.0,120,75,80,75,75,60,0,20.729476550195276,-157.2714215955794
734,7,Yungoos,Loitering Pokémon,normal,0.4,6.0,70,30,48,30,30,45,0,22.979904504351406,-157.46532847017704
735,7,Gumshoos,Stakeout Pokémon,normal,0.7,14.2,110,60,88,55,60,45,0,20.114116937964816,-157.41539733177987
736,7,Grubbin,Larva Pokémon,bug,0.4,4.4,62,45,47,55,45,46,0,22.50663148664565,-158.4697829043194
737,7,Charjabug,Battery Pokémon,bug,0.5,10.5,82,95,57,55,75,36,0,21.17598283332708,-157.84531180527082
738,7,Vikavolt,Stag Beetle Pokémon,bug,1.5,45.0,70,90,77,145,75,43,0,20.525101686917758,-157.21171956615615
739,7,Crabrawler,Boxing Pokémon,fighting,0.6,7.0,82,57,47,42,47,63,0,21.189051851392218,-157.44046755609298
740,7,Crabominable,Woolly Crab Pokémon,fighting,1.7,180.0,132,77,97,62,67,43,0,20.4225078221979,-158.29745830032343
741,7,Oricorio,Dancing Pokémon,fire,0.6,3.4,70,70,75,98,70,93,0,22.03238135782777,-158.23283315209179
742,7,Cutiefly,Bee Fly Pokémon,bug,0.1,0.2,45,40,40,55,40,84,0,23.036963851233402,-158.25963618561462
743,7,Ribombee,Bee Fly Pokémon,bug,0.2,0.5,55,60,60,95,70,124,0,21.534684725751884,-156.92740916812693
744,7,Rockruff,Puppy Pokémon,rock,0.5,9.2,65,40,45,30,40,60,0,19.891634267066966,-159.6208088119808
745,7,Lycanroc,Wolf Pokémon,rock,,,115,75,85,55,75,82,0,19.784343685429903,-156.59741589657284
746,7,Wishiwashi,Small Fry Pokémon,water,0.2,0.3,140,130,45,140,135,30,0,20.758141854107553,-155.30180071433176
747,7,Mareanie,Brutal Star Pokémon,poison,0.4,8.0,53,62,50,43,52,45,0,20.74575240134261,-157.675448696803
748,7,Toxapex,Brutal Star Pokémon,poison,0.7,14.5,63,152,50,53,142,35,0,22.852109952567876,-155.8539071118409
749,7,Mudbray,Donkey Pokémon,ground,1.0,110.0,100,70,70,45,55,45,0,23.371503576636396,-156.65163376940689
750,7,Mudsdale,Draft Horse Pokémon,ground,2.5,920.0,125,100,100,55,85,35,0,22.33406252581146,-157.26747305079883
751,7,Dewpider,Water Bubble Pokémon,water,0.3,4.0,40,52,38,40,72,27,0,22.088361076166635,-158.41118571632856
752,7,Araquanid,Water Bubble Pokémon,water,1.8,82.0,70,92,68,50,132,42,0,20.49180111657769,-157.86337445741097
753,7,Fomantis,Sickle Grass Pokémon,grass,0.3,1.5,55,35,40,50,35,35,0,21.13981537747507,-158.31322804932728
754,7,Lurantis,Bloom Sickle Pokémon,grass,0.9,18.5,105,90,70,80,90,45,0,22.006387447456714,-156.9046947914295
755,7,Morelull,Illuminating Pokémon,grass,0.2,1.5,35,55,40,65,75,15,0,21.398406886291845,-156.38246991894476
756,7,Shiinotic,Illuminating Pokémon,grass,1.0,11.5,45,80,60,90,100,30,0,20.168310885866493,-158.05365945927974
757,7,Salandit,Toxic Lizard Pokémon,poison,0.6,4.8,44,40,48,71,40,77,0,20.593177679397193,-159.72653661707307
758,7,Salazzle,Toxic Lizard Pokémon,poison,1.2,22.2,64,60,68,111,60,117,0,21.2273193141573,-157.9817475083833
759,7,Stufful,Flailing Pokémon,normal,0.5,6.8,75,50,70,45,50,50,0,22.82344974324213,-157.22918831544524
760,7,Bewear,Strong Arm Pokémon,normal,2.1,135.0,125,80,120,55,60,60,0,20.285813175670793,-156.0059074336658
761,7,Bounsweet,Fruit Pokémon,grass,0.3,3.2,30,38,42,30,38,32,0,22.531033695525352,-157.2779022965314
762,7,Steenee,Fruit Pokémon,grass,0.7,8.2,40,48,52,40,48,62,0,21.083515901150168,-158.8194392367235
763,7,Tsareena,Fruit Pokémon,grass,1.2,21.4,120,98,72,50,98,72,0,20.937793223928946,-156.77125138029584
764,7,Comfey,Posy Picker Pokémon,fairy,0.1,0.3,52,90,51,82,110,100,0,23.194586305934607,-156.3167564717278
765,7,Oranguru,Sage Pokémon,normal,1.5,76.0,60,80,90,90,110,60,0,20.821150578213725,-158.97961743328904
766,7,Passimian,Teamwork Pokémon,fighting,2.0,82.8,120,90,100,40,60,80,0,21.450886246911203,-159.62843936556285
767,7,Wimpod,Turn Tail Pokémon,bug,0.5,12.0,35,40,25,20,30,80,0,21.63316771418478,-158.00760258629867
768,7,Golisopod,Hard Scale Pokémon,bug,2.0,108.0,125,140,75,60,90,40,0,20.843963498131757,-159.45470306726682
769,7,Sandygast,Sand Heap Pokémon,ghost,0.5,70.0,55,80,55,70,45,15,0,21.823600106569714,-158.39270083966193
770,7,Palossand,Sand Castle Pokémon,ghost,1.3,250.0,75,110,85,100,75,35,0,20.14008316428971,-160.73226221328167
771,7,Pyukumuku,Sea Cucumber Pokémon,water,0.3,1.2,60,130,55,30,130,5,0,21.28248509494936,-156.08774840333027
772,7,Type: Null,Synthetic Pokémon,normal,1.9,120.5,95,95,95,95,95,59,0,22.971259214547867,-158.3170962565863
773,7,Silvally,Synthetic Pokémon,normal,2.3,100.5,95,95,95,95,95,95,0,20.70778793963822,-157.391225743925
774,7,Minior,Meteor Pokémon,rock,0.3,40.0,100,60,60,100,60,120,0,20.31161456081171,-157.55820810018054
775,7,Komala,Drowsing Pokémon,normal,0.4,19.9,115,65,65,75,95,65,0,22.07608027838469,-156.6330667761157
776,7,Turtonator,Blast Turtle Pokémon,fire,2.0,212.0,78,135,60,91,85,36,0,21.209845923520046,-158.06367375017697
777,7,Togedemaru,Roly-Poly Pokémon,electric,0.3,3.3,98,63,65,40,73,96,0,20.432017413243436,-158.68688035403989
778,7,Mimikyu,Disguise Pokémon,ghost,0.2,0.7,90,80,55,50,105,96,0,21.083521108098473,-157.49263449318383
779,7,Bruxish,Gnash Teeth Pokémon,water,0.9,19.0,105,70,68,70,70,92,0,22.223584626233247,-158.66317895068036
780,7,Drampa,Placid Pokémon,normal,3.0,185.0,60,85,78,135,91,36,0,22.80268856895952,-158.1311236010426
781,7,Dhelmise,Sea Creeper Pokémon,ghost,3.9,210.0,131,100,70,86,90,40,0,21.288632705651562,-158.60721167914784
782,7,Jangmo-o,Scaly Pokémon,dragon,0.6,29.7,55,65,45,45,45,45,0,18.885759739727057,-156.97595460363897
783,7,Hakamo-o,Scaly Pokémon,dragon,1.2,47.0,75,90,55,65,70,65,0,22.046843897092433,-158.14132755711822
784,7,Kommo-o,Scaly Pokémon,dragon,1.6,78.2,110,125,75,100,105,85,0,21.37699071722487,-157.3440607822959
785,7,Tapu Koko,Land Spirit Pokémon,electric,1.8,20.5,115,85,70,95,75,130,1,19.747454143113455,-158.3890526773463
786,7,Tapu Lele,Land Spirit Pokémon,psychic,1.2,18.6,85,75,70,130,115,95,1,22.104264679621824,-159.11428942316925
787,7,Tapu Bulu,Land Spirit Pokémon,grass,1.9,45.5,130,115,70,85,95,75,1,21.603557932166627,-159.21658180462342
788,7,Tapu Fini,Land Spirit Pokémon,water,1.3,21.2,75,115,70,95,130,85,1,21.776429982433527,-157.8956414822975
789,7,Cosmog,Nebula Pokémon,psychic,0.2,0.1,29,31,43,29,31,37,1,19.69486818409449,-156.69526064554285
790,7,Cosmoem,Protostar Pokémon,psychic,0.1,999.9,29,131,43,29,131,37,1,20.57540842320195,-158.6702524370144
791,7,Solgaleo,Sunne Pokémon,psychic,3.4,230.0,137,107,137,113,89,97,1,21.510569197230943,-156.7113626505713
792,7,Lunala,Moone Pokémon,psychic,4.0,120.0,113,89,137,137,107,97,1,20.2941781810216,-157.79832015015205
793,7,Nihilego,Parasite Pokémon,rock,1.2,55.5,53,47,109,127,131,103,1,21.73881650033057,-157.16689439273688
794,7,Buzzwole,Swollen Pokémon,bug,2.4,333.6,139,139,107,53,53,79,1,21.486441555277224,-158.22702783908335
795,7,Pheromosa,Lissome Pokémon,bug,1.8,25.0,137,37,71,137,37,151,1,20.48240977935128,-157.77385611695365
796,7,Xurkitree,Glowing Pokémon,electric,3.8,100.0,89,71,83,173,71,83,1,20.237860988014393,-160.78135048349463
797,7,Celesteela,Launch Pokémon,steel,9.2,999.9,101,103,97,107,101,61,1,21.746559804157666,-156.95606515891382
798,7,Kartana,Drawn Sword Pokémon,grass,0.3,0.1,181,131,59,59,31,109,1,18.94706756445816,-158.86973070470995
799,7,Guzzlord,Junkivore Pokémon,dark,5.5,888.0,101,53,223,97,53,43,1,21.929154261005195,-155.8025045302883
800,7,Necrozma,Prism Pokémon,psychic,2.4,230.0,107,101,97,127,89,79,1,21.330793707675408,-158.58800294122915
801,7,Magearna,Artificial Pokémon,steel,1.0,80.5,95,115,80,130,115,65,1,21.127103558895158,-156.48512358085182
